event_id,title,content,source,publish_time,url,crawl_time,version
4cbfc0df3580f05b3a0d41ce03fde412,为旌科技郑军：芯片行业量产规模是核心竞争力，没有足够的量就没有话语权,4月11日-12日，智能电动汽车发展高层论坛（2026）在北京国家会议中心二期召开，主题为“推进新能源汽车智能化、绿色化、融合化、国际化发展”。,sina_roll_api,1775985505,https://finance.sina.com.cn/meeting/2026-04-12/doc-inhufuxw6399012.shtml,2026-04-12T17:25:26+08:00,v1
80e0faeaadc94de561acae49d21a20eb,艾迈斯欧司朗石建国：车灯已演变为车与车、车与人、车与外部世界沟通的重要媒介,4月11日-12日，智能电动汽车发展高层论坛（2026）在北京国家会议中心二期召开，主题为“推进新能源汽车智能化、绿色化、融合化、国际化发展”。,sina_roll_api,1775985124,https://finance.sina.com.cn/hy/hyjz/2026-04-12/doc-inhufuye5525833.shtml,2026-04-12T17:25:26+08:00,v1
25cd631aea175f4136937af8911658d3,备战科创板4年未果，3年亏31亿，清陶能源转战港股,来源：尺度商业 文 | 张佳儒 编辑 | 刘振涛 上汽、北汽、广汽等投资，估值超两百亿元，清陶（昆山）能源发展集团股份有限公司（以下简称“清陶能源”）正在冲刺港股上市。,sina_roll_api,1775984821,https://finance.sina.com.cn/stock/hyyj/2026-04-12/doc-inhufuya0436098.shtml,2026-04-12T17:25:26+08:00,v1
e0e6e526bd772039f874ba390c7ac3ff,一汽解放王建宇：海外法规适应性是商用车出海破局的关键,4月11日-12日，智能电动汽车发展高层论坛（2026）在北京国家会议中心二期召开，主题为“推进新能源汽车智能化、绿色化、融合化、国际化发展”。,sina_roll_api,1775984755,https://finance.sina.com.cn/hy/hyjz/2026-04-12/doc-inhufuye5521939.shtml,2026-04-12T17:25:26+08:00,v1
ce4c36b212bff2877ac6c6d5d9a2d8a0,300391，明日退市摘牌！,明日摘牌。 长药退（300391）4月12日晚间公告，公司股票已被深圳证券交易所（简称“深交所”）决定终止上市，公司股票于2026年3月20日进入退市整理期...,sina_roll_api,1775984613,https://finance.sina.com.cn/stock/s/2026-04-12/doc-inhufuye5522480.shtml,2026-04-12T17:25:26+08:00,v1
e93e66d0ecdabc008e707b142f734078,芯联动力技术副总裁丛茂杰：全面向第三代半导体升级是必然技术路线,4月11日-12日，智能电动汽车发展高层论坛（2026）在北京召开。芯联动力技术副总裁丛茂杰出席并演讲。 丛茂杰表示，全球汽车销量保持稳定增长的趋势...,sina_roll_api,1775984440,https://finance.sina.com.cn/hy/hyjz/2026-04-12/doc-inhufuxw6396441.shtml,2026-04-12T17:25:26+08:00,v1
4b3ac8cc6e880dcccf98fbe601439898,GSMA林立：预计到2030年，乘用车5G渗透率将达到95%,4月11日-12日，智能电动汽车发展高层论坛（2026）在北京国家会议中心二期召开，主题为“推进新能源汽车智能化、绿色化、融合化、国际化发展”。,sina_roll_api,1775984414,https://finance.sina.com.cn/hy/hyjz/2026-04-12/doc-inhufqse0563855.shtml,2026-04-12T17:25:26+08:00,v1
bbd5fa148a0a337202c21cfbcf8067fc,奥托立夫李文豪：可持续发展不应是额外负担，而应成为市场差异化竞争与价值创造的新动力,4月11日-12日，智能电动汽车发展高层论坛（2026）在北京国家会议中心二期召开，主题为“推进新能源汽车智能化、绿色化、融合化、国际化发展”。,sina_roll_api,1775984015,https://finance.sina.com.cn/hy/hyjz/2026-04-12/doc-inhufqse0562866.shtml,2026-04-12T17:25:26+08:00,v1
dac01c2f2e31d81b3325b69a8e7d0923,法雷奥叶伟：全球电动化不可逆，但技术路线多元将长期并存,4月11日-12日，智能电动汽车发展高层论坛（2026）在北京国家会议中心二期召开，主题为“推进新能源汽车智能化、绿色化、融合化、国际化发展”。,sina_roll_api,1775983909,https://finance.sina.com.cn/hy/hyjz/2026-04-12/doc-inhufqsh5648228.shtml,2026-04-12T17:25:26+08:00,v1
1791426dda98cd5101272a354a8ef030,法雷奥叶伟：全球电动化中国纯电强势领先，正在从价格战转向价值战,4月11日-12日，智能电动汽车发展高层论坛（2026）在北京国家会议中心二期召开，主题为“推进新能源汽车智能化、绿色化、融合化、国际化发展”。,sina_roll_api,1775983898,https://finance.sina.com.cn/hy/hyjz/2026-04-12/doc-inhufqsh5648161.shtml,2026-04-12T17:25:26+08:00,v1
2e280fe9fe28cfc8a0a392f961ea74cc,理想汽车智能工业副总裁王巍：正致力于制造“硅基专家”,4月11日-12日，智能电动汽车发展高层论坛（2026）在北京召开。理想汽车智能工业副总裁王巍表示，由于“碳基专家”的数量稀缺，理想汽车正致力于制造“硅基专家”。,sina_roll_api,1775983504,https://finance.sina.com.cn/hy/hyjz/2026-04-12/doc-inhufqry6524564.shtml,2026-04-12T17:25:26+08:00,v1
dfe1a4a2260bfb91183dca864030abed,恩智浦半导体袁文博：2030年机器人市场规模将超2000亿美元,4月11日-12日，智能电动汽车发展高层论坛（2026）在北京国家会议中心二期召开，主题为“推进新能源汽车智能化、绿色化、融合化、国际化发展”。,sina_roll_api,1775983002,https://finance.sina.com.cn/hy/hyjz/2026-04-12/doc-inhufqsh5648697.shtml,2026-04-12T17:25:26+08:00,v1
1ad9941f6cc99e6eed705a36acc49e37,CATL时代智能蔡建永：部分零部件企业为了应对价格竞争，降低了产品品质,4月11日-12日，智能电动汽车发展高层论坛（2026）在北京国家会议中心二期召开，主题为“推进新能源汽车智能化、绿色化、融合化、国际化发展”。,sina_roll_api,1775982310,https://finance.sina.com.cn/meeting/2026-04-12/doc-inhufqsh5639201.shtml,2026-04-12T17:25:26+08:00,v1
8f59c598bdf667cb56155278dde71950,下周影响市场重要资讯前瞻：国家统计局将公布一系列重磅数据，人形机器人半程马拉松即将开跑,国家统计局将公布一系列重磅数据；广交会、消博会等活动下周举办，人形机器人半程马拉松即将开跑；近700亿元市值限售股将解禁，光通信测试仪器龙头企业上市。,sina_roll_api,1775982271,https://finance.sina.com.cn/stock/marketresearch/2026-04-12/doc-inhufqsh5639034.shtml,2026-04-12T17:25:26+08:00,v1
4dedd66c937a29a7ef16365c5abdf73b,千寻位置副总裁辛鑫：未来智能应用发展，必须结合相对感知与绝对感知能力,4月11日-12日，智能电动汽车发展高层论坛（2026）在北京国家会议中心二期召开，主题为“推进新能源汽车智能化、绿色化、融合化、国际化发展”。,sina_roll_api,1775982219,https://finance.sina.com.cn/meeting/2026-04-12/doc-inhufqsh5638747.shtml,2026-04-12T17:25:26+08:00,v1
50a3908fb52cdf070d65628f561bf4ac,霍尔木兹海峡，突发！伊朗重大警告！以色列释放重磅信号,伊朗突发警告。 据新华社援引伊朗迈赫尔通讯社4月12日报道，伊朗伊斯兰议会副议长哈吉·巴巴埃警告美国说，霍尔木兹海峡是“红线”，完全由伊朗掌控...,sina_roll_api,1775982180,https://finance.sina.com.cn/wm/2026-04-12/doc-inhufqsh5639665.shtml,2026-04-12T17:25:26+08:00,v1
8c5f80eef3da4ea8dd56d4b8eea9f2ac,“你收到的礼物，来自我的罚款” 海底捞要求员工罚款买礼：当事人回应进展，有门店认错退钱,文|《BUG》栏目 刘丽丽 热情好客的海底捞员工，其实私下里满是心酸。 “只要被客人投诉，不管缘由，不分青红皂白，就被门店强制自费500元买礼物赔偿...,sina_roll_api,1775981982,https://finance.sina.com.cn/stock/marketresearch/2026-04-12/doc-inhufqsh5637363.shtml,2026-04-12T17:25:26+08:00,v1
2af28fc259c36ce3d9e8fda4062e4df4,长谈21小时后 美国副总统万斯称未能与伊朗达成协议,美国副总统JD·万斯表示，美国和伊朗在周末于巴基斯坦进行了长达21小时的会谈后，未能就结束战争达成协议。 万斯周日早些时候在伊斯兰堡对记者表示：“我们返回美国...,sina_roll_api,1775981932,https://finance.sina.com.cn/stock/usstock/c/2026-04-12/doc-inhufqsh5637061.shtml,2026-04-12T17:25:26+08:00,v1
0baf5ec66153e2ee131a8948bbf5d680,纳芯微张方文：中国汽车崛起，必将带动国产半导体同步成长,4月11日-12日，智能电动汽车发展高层论坛（2026）在北京国家会议中心二期召开，主题为“推进新能源汽车智能化、绿色化、融合化、国际化发展”。,sina_roll_api,1775981869,https://finance.sina.com.cn/hy/hyjz/2026-04-12/doc-inhufqsa3294810.shtml,2026-04-12T17:25:26+08:00,v1
fd7a90a5f81767c88aa89dc8a24d315d,中科创达常衡生：不用AI革自己的命，明天就会被革命,4月11日-12日，智能电动汽车发展高层论坛（2026）在北京国家会议中心二期召开，主题为“推进新能源汽车智能化、绿色化、融合化、国际化发展”。,sina_roll_api,1775981851,https://finance.sina.com.cn/hy/hyjz/2026-04-12/doc-inhufqse0550038.shtml,2026-04-12T17:25:26+08:00,v1
15b08bd2cb16da1b879d037235e3c999,巴基斯坦表示将在未来几天继续为会谈提供便利,巴基斯坦外交部长伊沙克·达尔在巴基斯坦国国家电视台直播的新闻发布会上表示，巴基斯坦将在未来几天继续协助推动美国与伊朗之间的对话。,sina_roll_api,1775981711,https://finance.sina.com.cn/stock/usstock/c/2026-04-12/doc-inhufqsa3294225.shtml,2026-04-12T17:25:26+08:00,v1
edd70244e167f17b9938cf3f90f835ad,百度地图刘增刚：AI语音交互场景中，闲聊成为最高频应用领域,4月11日-12日，智能电动汽车发展高层论坛（2026）在北京国家会议中心二期召开，主题为“推进新能源汽车智能化、绿色化、融合化、国际化发展”。,sina_roll_api,1775981440,https://finance.sina.com.cn/hy/hyjz/2026-04-12/doc-inhufqsh5634614.shtml,2026-04-12T17:25:26+08:00,v1
624957a66755c002927539c63f02c4ed,华为陈伟：将发布新品牌“华为智擎”，4月22日北京车展前夕正式亮相,4月11日-12日，智能电动汽车发展高层论坛（2026）在北京国家会议中心二期召开，主题为“推进新能源汽车智能化、绿色化、融合化、国际化发展”。,sina_roll_api,1775980635,https://finance.sina.com.cn/hy/hyjz/2026-04-12/doc-inhufqse0543369.shtml,2026-04-12T17:25:26+08:00,v1
35c26e2e6c226abc634c721786c89b69,中科创达常衡生：Openclaw的出现意义重大，新的时代已经开启,4月11日-12日，智能电动汽车发展高层论坛（2026）在北京国家会议中心二期召开，主题为“推进新能源汽车智能化、绿色化、融合化、国际化发展”。,sina_roll_api,1775980597,https://finance.sina.com.cn/hy/hyjz/2026-04-12/doc-inhufqsh5636653.shtml,2026-04-12T17:25:26+08:00,v1
09ebe8b6a0b670765d9a6ece7dee913c,诺贝丽斯林艳：先进低碳铝合金助力整车企业发展,4月11日-12日，智能电动汽车发展高层论坛（2026）在北京召开。诺贝丽斯产品与技术服务总监林艳出席并演讲。 林艳指出，更轻，更低碳的车身可以助力整车企业提供给消费者低...,sina_roll_api,1775980319,https://finance.sina.com.cn/hy/hyjz/2026-04-12/doc-inhufqry6511826.shtml,2026-04-12T17:25:26+08:00,v1
850c6124de015f208ffbe426c45f643d,经纬恒润范成建：与自动驾驶传感器协同，是AI在底盘领域的重要应用方向,4月11日-12日，智能电动汽车发展高层论坛（2026）在北京国家会议中心二期召开，主题为“推进新能源汽车智能化、绿色化、融合化、国际化发展”。,sina_roll_api,1775980025,https://finance.sina.com.cn/meeting/2026-04-12/doc-inhufqsa3286391.shtml,2026-04-12T17:25:26+08:00,v1
9609b3e7a773a60099855f78d849ebe0,中东局势紧张，为什么塑料袋先受影响？,近来，中东局势持续紧张推动全球原油价格一路上涨，对全球造成一系列影响。在一些国家，车没有断油，反而是塑料制品、医疗等行业感受到巨大压力。,sina_roll_api,1775979960,https://finance.sina.com.cn/roll/2026-04-12/doc-inhufqse0551897.shtml,2026-04-12T17:25:26+08:00,v1
be8dbcedb30d23c29907560a6a415aa1,卓驭科技沈劭劼：未来存活下来的智驾公司都将转型为移动物理AI公司,4月11日，卓驭科技CEO沈劭劼出席智能电动汽车发展高层论坛（2026）并发表主题演讲。面向未来5年的行业竞争，沈劭劼判断：“智能驾驶只是物理AI的初始形态，绝非终局...,sina_roll_api,1775979369,https://finance.sina.com.cn/roll/2026-04-12/doc-inhufqsa3284100.shtml,2026-04-12T17:25:26+08:00,v1
f4a94f12dbd682fbd5652d875684ea9d,博世许长春：助力中国车企走出去也支持国际车企走进来，实现中国技术反哺全球,4月11日-12日，智能电动汽车发展高层论坛（2026）在北京国家会议中心二期召开，主题为“推进新能源汽车智能化、绿色化、融合化、国际化发展”。,sina_roll_api,1775979087,https://finance.sina.com.cn/hy/hyjz/2026-04-12/doc-inhufqse0543037.shtml,2026-04-12T17:25:26+08:00,v1
8ccdcbe15f7121238eff4c4766c24ef5,中信证券：战争间歇期的缩圈策略,来源：中信证券研究 文|裘翔 高玉森 陈泽平 张铭楷 陈峰 硝烟渐远，航道未通。美伊双方谈判诉求看似分歧很多，但核心诉求达成一致的概率并不低。,sina_roll_api,1775978893,https://finance.sina.com.cn/stock/marketresearch/2026-04-12/doc-inhufqse0536290.shtml,2026-04-12T17:25:26+08:00,v1
21ba4c262a8f06b56e0b80b5f06b94af,2026年4月7日国家继续实施调控，成品油价格适当调整,,ndrc_xwfb,2026-04-07,https://www.ndrc.gov.cn/xwdt/xwfb/202604/t20260407_1404528.html,2026-04-12T17:25:26+08:00,v1
5476abd8fc33dbc432176db63dc84024,周海兵副主任会见德国联邦环境、气候保护、自然保护和核安全部部长施耐德,,ndrc_xwfb,2026-03-31,https://www.ndrc.gov.cn/xwdt/xwfb/202603/t20260331_1404433.html,2026-04-12T17:25:26+08:00,v1
22c00896296706c1186d075db8968f27,郑栅洁主任会见韩国三星电子会长李在镕,,ndrc_xwfb,2026-03-25,https://www.ndrc.gov.cn/xwdt/xwfb/202603/t20260325_1404357.html,2026-04-12T17:25:26+08:00,v1
cc5e119d5c09bcb833846a85b81acc1a,沈竹林副主任会见德国巴斯夫集团执行董事会主席凯礼,,ndrc_xwfb,2026-03-24,https://www.ndrc.gov.cn/xwdt/xwfb/202603/t20260324_1404347.html,2026-04-12T17:25:26+08:00,v1
62e3c94a1a888fd165c92624e9f6ab8b,郑栅洁主任会见大众汽车集团管理董事会主席奥博穆,,ndrc_xwfb,2026-03-23,https://www.ndrc.gov.cn/xwdt/xwfb/202603/t20260323_1404297.html,2026-04-12T17:25:26+08:00,v1
798596dd2b1755ef4cc0c232eb647e44,国家对成品油价格采取临时调控措施,,ndrc_xwfb,2026-03-23,https://www.ndrc.gov.cn/xwdt/xwfb/202603/t20260323_1404296.html,2026-04-12T17:25:26+08:00,v1
165e4b5f52504fdbfff01fe08d99e5dd,2026年3月23日国内成品油价格调整,,ndrc_xwfb,2026-03-23,https://www.ndrc.gov.cn/xwdt/xwfb/202603/t20260323_1404295.html,2026-04-12T17:25:26+08:00,v1
66b1380e50ff653ae8531b868b4afcc3,郑栅洁主任主持召开民营企业座谈会 围绕贯彻全国两会精神推动服务业扩能提质 实现“十五五”良好开局听取意见建议,,ndrc_xwfb,2026-03-20,https://www.ndrc.gov.cn/xwdt/xwfb/202603/t20260320_1404280.html,2026-04-12T17:25:26+08:00,v1
0d4c13faf1dbda29e7b3ee3fcc25e272,国家发展改革委规划司负责同志就国家发展规划法答记者问,,ndrc_xwfb,2026-03-19,https://www.ndrc.gov.cn/xwdt/xwfb/202603/t20260319_1404242.html,2026-04-12T17:25:26+08:00,v1
ca5180404ac6afae9b47a1765c359a3f,全面深入贯彻国家发展规划法 进一步彰显中国特色社会主义制度重要政治优势,,ndrc_xwfb,2026-03-19,https://www.ndrc.gov.cn/xwdt/xwfb/202603/t20260319_1404238.html,2026-04-12T17:25:26+08:00,v1
14d38296b7f2d5b2cb11431da2e367b4,2026年3月9日国内成品油价格按机制调整,,ndrc_xwfb,2026-03-09,https://www.ndrc.gov.cn/xwdt/xwfb/202603/t20260309_1404075.html,2026-04-12T17:25:26+08:00,v1
79654547bd38becc8546753ac0a16b00,国家发展改革委党组部署开展树立和践行正确政绩观学习教育工作,,ndrc_xwfb,2026-03-02,https://www.ndrc.gov.cn/xwdt/xwfb/202603/t20260302_1403970.html,2026-04-12T17:25:26+08:00,v1
f8874ce1ddab85d37c4416b472d3a50f,郑栅洁主任主持召开民营企业座谈会 围绕实现“十五五”经济发展良好开局听取意见建议,,ndrc_xwfb,2026-03-02,https://www.ndrc.gov.cn/xwdt/xwfb/202603/t20260302_1403958.html,2026-04-12T17:25:26+08:00,v1
3a1920e5777f4729186ae24bcb863567,国家发展改革委与德国联邦经济和能源部签署两国政府间《关于延续气候变化和绿色转型对话合作机制的联合声明》,,ndrc_xwfb,2026-03-20,https://www.ndrc.gov.cn/xwdt/xwfb/202603/t20260320_1404254.html,2026-04-12T17:25:26+08:00,v1
4195080507bb58ec4215bd0e74e964ea,2026年2月24日国内成品油价格按机制调整,,ndrc_xwfb,2026-02-24,https://www.ndrc.gov.cn/xwdt/xwfb/202602/t20260224_1403852.html,2026-04-12T17:25:26+08:00,v1
e96c332aee98d9cee04e16a499eef2fa,中沙高委会共建“一带一路”、重大项目和能源分委会第五次会议成功召开,,ndrc_xwfb,2026-03-20,https://www.ndrc.gov.cn/xwdt/xwfb/202603/t20260320_1404252.html,2026-04-12T17:25:26+08:00,v1
77cadfc5ff9a8e2dc23e4e00b1762f6b,2026年2月3日国内成品油价格按机制调整,,ndrc_xwfb,2026-02-03,https://www.ndrc.gov.cn/xwdt/xwfb/202602/t20260203_1403566.html,2026-04-12T17:25:26+08:00,v1
244266f94228d17ab49b618f4b225108,2026年1月20日国内成品油价格按机制调整,,ndrc_xwfb,2026-01-20,https://www.ndrc.gov.cn/xwdt/xwfb/202601/t20260120_1403319.html,2026-04-12T17:25:26+08:00,v1
de8fab5cd549ebd18a9c48ae8e29f01c,2026年1月6日国内成品油价格按机制不作调整,,ndrc_xwfb,2026-01-06,https://www.ndrc.gov.cn/xwdt/xwfb/202601/t20260106_1403050.html,2026-04-12T17:25:26+08:00,v1
b0ddd21e9e4a0ee048fca2dc89bb4bd6,国家发展改革委举行12月份新闻发布会,,ndrc_xwfb,2025-12-31,https://www.ndrc.gov.cn/xwdt/xwfb/202512/t20251231_1402942.html,2026-04-12T17:25:26+08:00,v1
bfe2459373a4265d844d9f6a7a8a81eb,郑栅洁主任主持召开民营企业座谈会 就做好明年经济工作听取意见建议,,ndrc_xwfb,2025-12-29,https://www.ndrc.gov.cn/xwdt/xwfb/202512/t20251229_1402686.html,2026-04-12T17:25:26+08:00,v1
91655a479b9db014f1bfc2e05b7e8066,国家创业投资引导基金启动仪式在京举行,,ndrc_xwfb,2025-12-26,https://www.ndrc.gov.cn/xwdt/xwfb/202512/t20251226_1402664.html,2026-04-12T17:25:26+08:00,v1
d7fa0caa4bba6d3088d4ce008e1a6ffb,国家发展和改革委员会关于第十四届全国人民代表大会第三次会议代表建议、批评和意见办理情况的报告——2025年12月22日在第十四届全国人民代表大会常务委员会第十九次会议上,,ndrc_xwfb,2025-12-25,https://www.ndrc.gov.cn/xwdt/xwfb/202512/t20251225_1402612.html,2026-04-12T17:25:26+08:00,v1
5609f64febbf49403ee1e28a1f385042,2025年12月22日国内成品油价格按机制调整,,ndrc_xwfb,2025-12-22,https://www.ndrc.gov.cn/xwdt/xwfb/202512/t20251222_1402523.html,2026-04-12T17:25:26+08:00,v1
dbfd242929b2f8132e25257cfc5b02aa,署名文章丨坚定实施扩大内需战略,,ndrc_xwfb,2025-12-16,https://www.ndrc.gov.cn/xwdt/xwfb/202512/t20251216_1402449.html,2026-04-12T17:25:26+08:00,v1
1f7136452641653172b5178977230ad3,署名文章 | 全面贯彻党的二十届四中全会精神 扎实做好“十五五”规划编制工作,,ndrc_xwfb,2025-12-15,https://www.ndrc.gov.cn/xwdt/xwfb/202512/t20251215_1402408.html,2026-04-12T17:25:26+08:00,v1
13e07132c5d7c3fc5ada7d9f1f216f66,深入贯彻党的二十届四中全会和中央经济工作会议精神 推动“十五五”发展改革工作开好局起好步——全国发展和改革工作会议在京召开,,ndrc_xwfb,2025-12-13,https://www.ndrc.gov.cn/xwdt/xwfb/202512/t20251213_1402381.html,2026-04-12T17:25:26+08:00,v1
d90069c8417e9a914daca7e6f988c03e,2025年12月8日国内成品油价格按机制调整,,ndrc_xwfb,2025-12-08,https://www.ndrc.gov.cn/xwdt/xwfb/202512/t20251208_1402287.html,2026-04-12T17:25:26+08:00,v1
81a36f3ab8f473a8748a1496b72aaac0,署名文章 | 深入学习贯彻党的二十届四中全会精神 以高质量发展新成效谱写中国式现代化新篇章,,ndrc_xwfb,2025-12-02,https://www.ndrc.gov.cn/xwdt/xwfb/202512/t20251202_1402130.html,2026-04-12T17:25:26+08:00,v1
4ed0f7259ff46015c8056142b0245ed5,署名文章 | 坚持扩大内需这个战略基点（学习贯彻党的二十届四中全会精神）,,ndrc_xwfb,2025-11-28,https://www.ndrc.gov.cn/xwdt/xwfb/202511/t20251128_1402029.html,2026-04-12T17:25:26+08:00,v1
329f9f9e57ef4ce190e0ef195f873673,国家发展改革委举行11月份新闻发布会,,ndrc_xwfb,2025-11-27,https://www.ndrc.gov.cn/xwdt/xwfb/202511/t20251127_1402022.html,2026-04-12T17:25:26+08:00,v1
70732dd4b25b425cfe13858081ce0657,2025年11月24日国内成品油价格按机制调整,,ndrc_xwfb,2025-11-24,https://www.ndrc.gov.cn/xwdt/xwfb/202511/t20251124_1401864.html,2026-04-12T17:25:26+08:00,v1
650591c1cb129b65259dd2eac33a8005,郑栅洁主任主持召开民营企业座谈会 就“十五五”时期服务业发展听取意见建议,,ndrc_xwfb,2025-11-12,https://www.ndrc.gov.cn/xwdt/xwfb/202511/t20251112_1401554.html,2026-04-12T17:25:26+08:00,v1
defda86f87a4e69526ae6b2ef4251e11,2025年11月10日国内成品油价格按机制调整,,ndrc_xwfb,2025-11-10,https://www.ndrc.gov.cn/xwdt/xwfb/202511/t20251110_1401464.html,2026-04-12T17:25:26+08:00,v1
3424ffac22f7fb0a9e12727c7767eaad,署名文章 | 高质量做好“十五五”规划编制工作,,ndrc_xwfb,2025-11-03,https://www.ndrc.gov.cn/xwdt/xwfb/202511/t20251103_1401352.html,2026-04-12T17:25:26+08:00,v1
476d405c440fafcf86ef57c973170a01,国家发展改革委举行10月份新闻发布会 解读当前经济形势与政策,,ndrc_xwfb,2025-10-31,https://www.ndrc.gov.cn/xwdt/xwfb/202510/t20251031_1401334.html,2026-04-12T17:25:26+08:00,v1
fb6e86af3f6b5b04dec8dbcc829d8649,2025年10月27日国内成品油价格按机制调整,,ndrc_xwfb,2025-10-27,https://www.ndrc.gov.cn/xwdt/xwfb/202510/t20251027_1401193.html,2026-04-12T17:25:26+08:00,v1
f859f12c94d220dbc180c87e174557b5,中共国家发展改革委党组召开扩大会议传达学习贯彻党的二十届四中全会精神,,ndrc_xwfb,2025-10-24,https://www.ndrc.gov.cn/xwdt/xwfb/202510/t20251024_1401151.html,2026-04-12T17:25:26+08:00,v1
094b2bd8a5423ad58c3a41b40de34444,国家发展改革委举办第十五届中青年干部经济研讨会,,ndrc_xwfb,2025-10-17,https://www.ndrc.gov.cn/xwdt/xwfb/202510/t20251017_1401061.html,2026-04-12T17:25:26+08:00,v1
6b915e909fed64e32d00e353899c2d45,2025年10月13日国内成品油价格按机制调整,,ndrc_xwfb,2025-10-13,https://www.ndrc.gov.cn/xwdt/xwfb/202510/t20251013_1400937.html,2026-04-12T17:25:26+08:00,v1
a3ee2c8d7acbd0d7be5a181b9304c2ef,国家发展改革委举行升国旗仪式庆祝中华人民共和国成立76周年,,ndrc_xwfb,2025-09-30,https://www.ndrc.gov.cn/xwdt/xwfb/202509/t20250930_1400829.html,2026-04-12T17:25:26+08:00,v1
948803452701f63d3cbd9af7cef7e972,国家发展改革委主任郑栅洁主持召开座谈会 就“十五五”时期扩大有效投资听取民营企业意见建议,,ndrc_xwfb,2025-09-30,https://www.ndrc.gov.cn/xwdt/xwfb/202509/t20250930_1400827.html,2026-04-12T17:25:26+08:00,v1
ccd5d04ed06195dbd2d7d81398897e55,国家发展改革委举行9月份新闻发布会,,ndrc_xwfb,2025-09-29,https://www.ndrc.gov.cn/xwdt/xwfb/202509/t20250929_1400786.html,2026-04-12T17:25:26+08:00,v1
a1a2cfee92ae17632fea55fe14aec080,2025年9月23日国内成品油价格按机制不作调整,,ndrc_xwfb,2025-09-23,https://www.ndrc.gov.cn/xwdt/xwfb/202509/t20250923_1400624.html,2026-04-12T17:25:26+08:00,v1
841d8c1ffcb9804f43f1fbc54d2bce70,中共国家发展改革委党组关于二十届中央第三轮巡视整改进展情况的通报,,ndrc_xwfb,2025-09-22,https://www.ndrc.gov.cn/xwdt/xwfb/202509/t20250922_1400615.html,2026-04-12T17:25:26+08:00,v1
f0a77a8648f32514fd33d85edeabb690,署名文章丨坚定落实纵深推进全国统一大市场建设各项部署,,ndrc_xwfb,2025-09-16,https://www.ndrc.gov.cn/xwdt/xwfb/202509/t20250916_1400521.html,2026-04-12T17:25:26+08:00,v1
68586bb22ccb9ec2bd6d9ebe6c89fdc2,署名文章丨深入实施“人工智能+”行动 为高质量发展提供强大动能,,ndrc_xwfb,2025-09-12,https://www.ndrc.gov.cn/xwdt/xwfb/202509/t20250912_1400429.html,2026-04-12T17:25:26+08:00,v1
d79163981dc0a02facc37a8204485c22,2025年9月9日国内成品油价格按机制不作调整,,ndrc_xwfb,2025-09-09,https://www.ndrc.gov.cn/xwdt/xwfb/202509/t20250909_1400343.html,2026-04-12T17:25:26+08:00,v1
a9bd1388b95156fbc05a9d0a0a795c41,国家发展改革委举行8月份新闻发布会 解读当前经济形势与政策,,ndrc_xwfb,2025-08-29,https://www.ndrc.gov.cn/xwdt/xwfb/202508/t20250829_1400151.html,2026-04-12T17:25:26+08:00,v1
6f9cac5c2bea6ef4d8e1a8b9dc1a3386,2025年8月26日国内成品油价格按机制调整,,ndrc_xwfb,2025-08-26,https://www.ndrc.gov.cn/xwdt/xwfb/202508/t20250826_1400056.html,2026-04-12T17:25:26+08:00,v1
fa35fd416bf1e57ca9e7769ef84c0b44,2025年8月12日国内成品油价格按机制不作调整,,ndrc_xwfb,2025-08-12,https://www.ndrc.gov.cn/xwdt/xwfb/202508/t20250812_1399754.html,2026-04-12T17:25:26+08:00,v1
000ee0f9239dd73a5287571cd5237d88,国家发展改革委举行新闻发布会 解读当前经济形势和经济工作,,ndrc_xwfb,2025-08-01,https://www.ndrc.gov.cn/xwdt/xwfb/202508/t20250801_1399634.html,2026-04-12T17:25:26+08:00,v1
031c8a496ee8fc9a00ca5d7d01df6516,国家发展改革委召开上半年发展改革形势通报会,,ndrc_xwfb,2025-07-31,https://www.ndrc.gov.cn/xwdt/xwfb/202507/t20250731_1399552.html,2026-04-12T17:25:26+08:00,v1
215ee96b33f1210de0e39f8731344bf7,“深学笃行阐释习近平经济思想2025年会”在京举办,,ndrc_xwfb,2025-07-29,https://www.ndrc.gov.cn/xwdt/xwfb/202507/t20250729_1399473.html,2026-04-12T17:25:26+08:00,v1
7fc8afba39c18c680817361d48333d40,2025年7月29日国内成品油价格按机制不作调整,,ndrc_xwfb,2025-07-29,https://www.ndrc.gov.cn/xwdt/xwfb/202507/t20250729_1399467.html,2026-04-12T17:25:26+08:00,v1
7ce581770d9d5b0be96f4ec7e0661564,2025年7月15日国内成品油价格按机制调整,,ndrc_xwfb,2025-07-15,https://www.ndrc.gov.cn/xwdt/xwfb/202507/t20250715_1399195.html,2026-04-12T17:25:26+08:00,v1
8f7a030d9adab0def7ef1cbcd378ec1f,郑栅洁主任赴河北雄安新区、石家庄等地调研并主持召开经济形势座谈会,,ndrc_xwfb,2025-07-13,https://www.ndrc.gov.cn/xwdt/xwfb/202507/t20250713_1399157.html,2026-04-12T17:25:26+08:00,v1
a1fefc2b84679bb01d502381981db3e8,2025年7月1日国内成品油价格按机制调整,,ndrc_xwfb,2025-07-01,https://www.ndrc.gov.cn/xwdt/xwfb/202507/t20250701_1398919.html,2026-04-12T17:25:26+08:00,v1
fa854401cb64f26d32ec958a9af75f6a,国家发展改革委举行6月份新闻发布会,,ndrc_xwfb,2025-06-26,https://www.ndrc.gov.cn/xwdt/xwfb/202506/t20250626_1398816.html,2026-04-12T17:25:26+08:00,v1
882fe003f755bf15cdc46ce810bb4090,中共国家发展和改革委员会党组：以五年规划引领经济社会发展的思想精髓和实践要求,,ndrc_xwfb,2025-06-25,https://www.ndrc.gov.cn/xwdt/xwfb/202506/t20250625_1398660.html,2026-04-12T17:25:26+08:00,v1
9b7b7fd8d3127ad37ac6fa43b6dd5878,2025年6月17日国内成品油价格按机制调整,,ndrc_xwfb,2025-06-17,https://www.ndrc.gov.cn/xwdt/xwfb/202506/t20250617_1398486.html,2026-04-12T17:25:26+08:00,v1
55495f71b98c43e5af6678cba5d32d4b,2025年6月3日国内成品油价格按机制调整,,ndrc_xwfb,2025-06-03,https://www.ndrc.gov.cn/xwdt/xwfb/202506/t20250603_1398198.html,2026-04-12T17:25:26+08:00,v1
1be47bce35f3301cd09fd62ac5e2490d,征信服务收费标准大幅下调,,ndrc_xwfb,2025-05-30,https://www.ndrc.gov.cn/xwdt/xwfb/202505/t20250530_1398160.html,2026-04-12T17:25:26+08:00,v1
812e71c6aa32a67626979e4646694e35,国家发展改革委举行5月份新闻发布会,,ndrc_xwfb,2025-05-20,https://www.ndrc.gov.cn/xwdt/xwfb/202505/t20250520_1397843.html,2026-04-12T17:25:26+08:00,v1
274dd546842a36463291346c01716b70,2025年5月19日国内成品油价格按机制调整,,ndrc_xwfb,2025-05-19,https://www.ndrc.gov.cn/xwdt/xwfb/202505/t20250519_1397793.html,2026-04-12T17:25:26+08:00,v1
2947a1c3f41c8e31bd2e2419925862d6,最高人民法院、国家发展改革委联合发布依法惩治串通投标及其关联犯罪典型案例,,ndrc_xwfb,2025-05-19,https://www.ndrc.gov.cn/xwdt/xwfb/202505/t20250519_1397766.html,2026-04-12T17:25:26+08:00,v1
0c3cf0bb6c297e902ef484d374e2cdca,2025年4月30日国内成品油价格按机制不作调整,,ndrc_xwfb,2025-04-30,https://www.ndrc.gov.cn/xwdt/xwfb/202504/t20250430_1397516.html,2026-04-12T17:25:26+08:00,v1
51ad1b3e650d22822dcbdb03c0cc2a6a,2025年4月17日国内成品油价格按机制调整,,ndrc_xwfb,2025-04-17,https://www.ndrc.gov.cn/xwdt/xwfb/202504/t20250417_1397240.html,2026-04-12T17:25:26+08:00,v1
995f8b9d087b48ebd9d046b7b9ddc456,国家发展改革委主任郑栅洁主持召开座谈会 听取民营企业对当前宏观经济形势的意见建议,,ndrc_xwfb,2025-04-09,https://www.ndrc.gov.cn/xwdt/xwfb/202504/t20250409_1397147.html,2026-04-12T17:25:26+08:00,v1
90eccc4015f9f83e2de2ea1644edbd31,贯彻落实习近平总书记在民营企业座谈会上的重要讲话精神 促进民营经济高质量发展会议在京召开,,ndrc_xwfb,2025-04-09,https://www.ndrc.gov.cn/xwdt/xwfb/202504/t20250409_1397146.html,2026-04-12T17:25:26+08:00,v1
c553756d2aed3afa2dfe1c7c0ef8cb61,中国共产党国家发展和改革委员会直属机关第八次党员代表大会胜利闭幕,,ndrc_xwfb,2025-04-03,https://www.ndrc.gov.cn/xwdt/xwfb/202504/t20250403_1397049.html,2026-04-12T17:25:26+08:00,v1
019e3060e75c8423d8645323163d0ef0,2025年4月2日国内成品油价格按机制调整,,ndrc_xwfb,2025-04-02,https://www.ndrc.gov.cn/xwdt/xwfb/202504/t20250402_1396996.html,2026-04-12T17:25:26+08:00,v1
ba1c729387708c50e65599a0bb1269ac,国家发展改革委举行新闻发布会 介绍建立健全涉企收费长效监管机制有关情况,,ndrc_xwfb,2025-03-31,https://www.ndrc.gov.cn/xwdt/xwfb/202503/t20250331_1396894.html,2026-04-12T17:25:26+08:00,v1
040826bc93f4087459f9d6288a337646,中共国家发展改革委党组召开会议坚决拥护党中央对原委党组成员、副主任徐宪平进行纪律审查和监察调查的决定,,ndrc_xwfb,2025-03-28,https://www.ndrc.gov.cn/xwdt/xwfb/202503/t20250328_1396844.html,2026-04-12T17:25:26+08:00,v1
915f86390bfa267726d5dc5730dc865f,2025年3月19日国内成品油价格按机制调整,,ndrc_xwfb,2025-03-19,https://www.ndrc.gov.cn/xwdt/xwfb/202503/t20250319_1396715.html,2026-04-12T17:25:26+08:00,v1
fae4cb6a23ec6f01096b0a61218f5153,2025年3月5日国内成品油价格按机制调整,,ndrc_xwfb,2025-03-05,https://www.ndrc.gov.cn/xwdt/xwfb/202503/t20250305_1396430.html,2026-04-12T17:25:26+08:00,v1
3c3e0627ba666577fa4f8f1006bf22a9,2025年2月19日国内成品油价格按机制调整,,ndrc_xwfb,2025-02-19,https://www.ndrc.gov.cn/xwdt/xwfb/202502/t20250219_1396225.html,2026-04-12T17:25:26+08:00,v1
f72a795c509e1ea4eae626b2f0932899,保持战略清醒 坚定信心决心 以全面从严治党新成效推动发展改革工作取得更大成绩——国家发展改革委召开党风廉政建设工作会暨警示教育会,,ndrc_xwfb,2025-02-14,https://www.ndrc.gov.cn/xwdt/xwfb/202502/t20250214_1396170.html,2026-04-12T17:25:26+08:00,v1
77f55822a8ce3d0de0583d17d5298f65,署名文章｜郑栅洁：全面贯彻落实中央经济工作会议精神 扎实推动发展改革工作不断取得新进展新成效,,ndrc_xwfb,2025-02-13,https://www.ndrc.gov.cn/xwdt/xwfb/202502/t20250213_1396114.html,2026-04-12T17:25:26+08:00,v1
985c0741bd9244a36ccce09959c7a559,2025年第2期《党建》刊发国家发展改革委党组署名文章,,ndrc_xwfb,2025-02-13,https://www.ndrc.gov.cn/xwdt/xwfb/202502/t20250213_1396113.html,2026-04-12T17:25:26+08:00,v1
ecef05a8ba2aa501a47f181e05583238,深入学习贯彻中央经济工作会议精神 扎实推动党中央决策部署落地落实,,ndrc_xwfb,2025-02-13,https://www.ndrc.gov.cn/xwdt/xwfb/202502/t20250213_1396111.html,2026-04-12T17:25:26+08:00,v1
d396b507f2f3cc622e5259d139a7668a,署名文章丨深入学习贯彻中央经济工作会议精神凝心聚力推动经济持续回升向好,,ndrc_xwfb,2025-02-13,https://www.ndrc.gov.cn/xwdt/xwfb/202502/t20250213_1396110.html,2026-04-12T17:25:26+08:00,v1
ac8b6fb26399dfc132af5ee11d536647,2025年2月6日国内成品油价格按机制不作调整,,ndrc_xwfb,2025-02-06,https://www.ndrc.gov.cn/xwdt/xwfb/202502/t20250206_1396007.html,2026-04-12T17:25:26+08:00,v1
3fed56888f9fec0d6adc5ac1e20361e9,2025年1月16日国内成品油价格按机制调整,,ndrc_xwfb,2025-01-16,https://www.ndrc.gov.cn/xwdt/xwfb/202501/t20250116_1395727.html,2026-04-12T17:25:26+08:00,v1
37109ff747dda3401eeb87dad53fb55c,2025年1月2日国内成品油价格按机制调整,,ndrc_xwfb,2025-01-02,https://www.ndrc.gov.cn/xwdt/xwfb/202501/t20250102_1395423.html,2026-04-12T17:25:26+08:00,v1
f8a7b762e02a553ae2dae9badea3a820,国家发展改革委主任郑栅洁主持召开座谈会 持续与外向型民营企业沟通交流,,ndrc_xwfb,2024-12-31,https://www.ndrc.gov.cn/xwdt/xwfb/202412/t20241231_1395394.html,2026-04-12T17:25:26+08:00,v1
b068911ef344fd4d9bf6e29bdd306b39,2024年12月18日国内成品油价格按机制不作调整,,ndrc_xwfb,2024-12-18,https://www.ndrc.gov.cn/xwdt/xwfb/202412/t20241218_1395064.html,2026-04-12T17:25:26+08:00,v1
257f5a363bd87a6bba15660dabe2cabe,全面贯彻落实中央经济工作会议精神 推动发展改革工作取得新的更大成效——全国发展和改革工作会议在京召开,,ndrc_xwfb,2024-12-13,https://www.ndrc.gov.cn/xwdt/xwfb/202412/t20241213_1395024.html,2026-04-12T17:25:26+08:00,v1
57dc52fbadb9c6819e0ab67d1cafb2a5,2024年12月4日国内成品油价格按机制不作调整,,ndrc_xwfb,2024-12-04,https://www.ndrc.gov.cn/xwdt/xwfb/202412/t20241204_1394837.html,2026-04-12T17:25:26+08:00,v1
d07a896bec56ab36ea70d4c3ad4ee983,2024年11月20日国内成品油价格不作调整,,ndrc_xwfb,2024-11-20,https://www.ndrc.gov.cn/xwdt/xwfb/202411/t20241120_1394603.html,2026-04-12T17:25:26+08:00,v1
0dfbf50fe1bb9d682c37c0db4326a152,国家发展改革委举行11月份新闻发布会,,ndrc_xwfb,2024-11-20,https://www.ndrc.gov.cn/xwdt/xwfb/202411/t20241120_1394593.html,2026-04-12T17:25:26+08:00,v1
03a8b85fb1fa3c2332334d2b2f3ddfc0,国家发展改革委主任郑栅洁主持召开座谈会 就部分行业民营企业关心的问题进行沟通交流,,ndrc_xwfb,2024-11-08,https://www.ndrc.gov.cn/xwdt/xwfb/202411/t20241108_1394377.html,2026-04-12T17:25:26+08:00,v1
c97acf92ef382d0bc41cf4178c3e26a4,2024年11月6日国内成品油价格按机制调整,,ndrc_xwfb,2024-11-06,https://www.ndrc.gov.cn/xwdt/xwfb/202411/t20241106_1394298.html,2026-04-12T17:25:26+08:00,v1
c06d112649ae15ef6873a0018329685c,2024年10月23日国内成品油价格按机制调整,,ndrc_xwfb,2024-10-23,https://www.ndrc.gov.cn/xwdt/xwfb/202410/t20241023_1393865.html,2026-04-12T17:25:26+08:00,v1
d01977fd37acc27e06c0572aa31b8719,2024年10月10日国内成品油价格按机制调整,,ndrc_xwfb,2024-10-10,https://www.ndrc.gov.cn/xwdt/xwfb/202410/t20241010_1393553.html,2026-04-12T17:25:26+08:00,v1
efd2f8ece45b00338890aaebdec8254d,民营经济促进法草案向社会公开征求意见,,ndrc_xwfb,2024-10-10,https://www.ndrc.gov.cn/xwdt/xwfb/202410/t20241010_1393551.html,2026-04-12T17:25:26+08:00,v1
59fa847d1e30f5d76d58540075beeb64,2024年9月20日国内成品油价格按机制调整,,ndrc_xwfb,2024-09-20,https://www.ndrc.gov.cn/xwdt/xwfb/202409/t20240920_1393111.html,2026-04-12T17:25:26+08:00,v1
8b27eaf64686fb9c89658382cb4af8d5,国家发展改革委召开9月份新闻发布会,,ndrc_xwfb,2024-09-20,https://www.ndrc.gov.cn/xwdt/xwfb/202409/t20240920_1393107.html,2026-04-12T17:25:26+08:00,v1
a69db9a1474b223e08953f73f2a37883,2024年9月5日国内成品油价格按机制调整,,ndrc_xwfb,2024-09-05,https://www.ndrc.gov.cn/xwdt/xwfb/202409/t20240905_1392834.html,2026-04-12T17:25:26+08:00,v1
ccce1ec90e809b997c863ab2a98e75db,2024年8月22日国内成品油价格按机制不作调整,,ndrc_xwfb,2024-08-22,https://www.ndrc.gov.cn/xwdt/xwfb/202408/t20240822_1392530.html,2026-04-12T17:25:26+08:00,v1
6fe87004c33d625e82c8f575e2e5050d,2024年8月8日国内成品油价格按机制调整,,ndrc_xwfb,2024-08-08,https://www.ndrc.gov.cn/xwdt/xwfb/202408/t20240808_1392318.html,2026-04-12T17:25:26+08:00,v1
b2d9b2d8469237178742efa211a07fb3,国家发展改革委召开上半年经济形势通报会,,ndrc_xwfb,2024-07-30,https://www.ndrc.gov.cn/xwdt/xwfb/202407/t20240730_1392079.html,2026-04-12T17:25:26+08:00,v1
74dd65e959303d7281998a97ae8f6f91,2024年7月25日国内成品油价格按机制调整,,ndrc_xwfb,2024-07-25,https://www.ndrc.gov.cn/xwdt/xwfb/202407/t20240725_1391947.html,2026-04-12T17:25:26+08:00,v1
f52447a9b3ff253a061b6c69da8487dc,国家发展改革委安排3.5亿元中央预算内投资 支持河南、陕西、四川暴雨洪涝灾害灾后应急恢复,,ndrc_xwfb,2024-07-21,https://www.ndrc.gov.cn/xwdt/xwfb/202407/t20240721_1391830.html,2026-04-12T17:25:26+08:00,v1
270740c5671a29e1ad4682497ffc7fe0,中共国家发展改革委党组召开扩大会议 传达学习贯彻党的二十届三中全会精神,,ndrc_xwfb,2024-07-20,https://www.ndrc.gov.cn/xwdt/xwfb/202407/t20240720_1391812.html,2026-04-12T17:25:26+08:00,v1
2cec698ffd6df69ea2978a7fc55024c9,2024年7月11日国内成品油价格按机制调整,,ndrc_xwfb,2024-07-11,https://www.ndrc.gov.cn/xwdt/xwfb/202407/t20240711_1391617.html,2026-04-12T17:25:26+08:00,v1
bbe568e804e4d26a2ae35eca66c015d6,国家粮食和物资储备局及时高效向安徽调运中央救灾物资,,ndrc_xwfb,2024-07-03,https://www.ndrc.gov.cn/xwdt/xwfb/202407/t20240703_1391439.html,2026-04-12T17:25:26+08:00,v1
74cf97089ebd076e2f19ef57d41a4481,国家发展改革委安排1.5亿元中央预算内投资支持广西、安徽、湖南暴雨洪涝灾害灾后应急恢复,,ndrc_xwfb,2024-06-28,https://www.ndrc.gov.cn/xwdt/xwfb/202406/t20240628_1391381.html,2026-04-12T17:25:26+08:00,v1
12301814e4ea5a23625ff5498c5e99ff,2024年6月27日国内成品油价格按机制调整,,ndrc_xwfb,2024-06-27,https://www.ndrc.gov.cn/xwdt/xwfb/202406/t20240627_1391342.html,2026-04-12T17:25:26+08:00,v1
34db78ddc4f255b023669782ce6a55eb,国家发展改革委主任郑栅洁同德国联邦副总理哈贝克举行中德气候变化和绿色转型对话合作机制首次高级别对话,,ndrc_xwfb,2024-06-22,https://www.ndrc.gov.cn/xwdt/xwfb/202406/t20240622_1391243.html,2026-04-12T17:25:26+08:00,v1
bb1e7d893b6c64a94b475ecb3a96171f,国家发展改革委举行6月份新闻发布会,,ndrc_xwfb,2024-06-18,https://www.ndrc.gov.cn/xwdt/xwfb/202406/t20240618_1387006.html,2026-04-12T17:25:26+08:00,v1
c61ed19e46570f7723c5798270589f98,2024年6月13日国内成品油价格按机制调整,,ndrc_xwfb,2024-06-13,https://www.ndrc.gov.cn/xwdt/xwfb/202406/t20240613_1386864.html,2026-04-12T17:25:26+08:00,v1
fa0acef0786614cef7b811cc1bbf980c,2024年5月29日国内成品油价格按机制不作调整,,ndrc_xwfb,2024-05-29,https://www.ndrc.gov.cn/xwdt/xwfb/202405/t20240529_1386532.html,2026-04-12T17:25:26+08:00,v1
f2d27c2bba3c427759e2892b79e54b6c,中国—海合会国家产业与投资合作论坛在厦门成功举办,,ndrc_xwfb,2024-05-24,https://www.ndrc.gov.cn/xwdt/xwfb/202405/t20240524_1386457.html,2026-04-12T17:25:26+08:00,v1
897c0aed892ed492378ecfcdc3b04c42,国家发展改革委举行5月份新闻发布会,,ndrc_xwfb,2024-05-21,https://www.ndrc.gov.cn/xwdt/xwfb/202405/t20240521_1386398.html,2026-04-12T17:25:26+08:00,v1
f15db87c7a072399ef9056b8666e336c,2024年5月15日国内成品油价格按机制调整,,ndrc_xwfb,2024-05-15,https://www.ndrc.gov.cn/xwdt/xwfb/202405/t20240515_1386222.html,2026-04-12T17:25:26+08:00,v1
857b323090936ddcca1c6c915308b70b,2024年4月29日国内成品油价格按机制调整,,ndrc_xwfb,2024-04-29,https://www.ndrc.gov.cn/xwdt/xwfb/202404/t20240429_1366287.html,2026-04-12T17:25:26+08:00,v1
a8de7ed16e99d66d8254f09a5ddaf492,中央第六巡视组巡视国家发展和改革委员会党组工作动员会召开,,ndrc_xwfb,2024-04-16,https://www.ndrc.gov.cn/xwdt/xwfb/202404/t20240416_1365709.html,2026-04-12T17:25:26+08:00,v1
b0a17b437a1228839a721d7fcee622f2,国内成品油价格按机制调整,,ndrc_xwfb,2024-04-16,https://www.ndrc.gov.cn/xwdt/xwfb/202404/t20240416_1365703.html,2026-04-12T17:25:26+08:00,v1
df019db73bf78a6bc02c561167329934,2024年4月1日国内成品油价格按机制调整,,ndrc_xwfb,2024-04-01,https://www.ndrc.gov.cn/xwdt/xwfb/202404/t20240401_1365388.html,2026-04-12T17:25:26+08:00,v1
fd0e0e35d7e2d59e7b9595685e416344,郑栅洁出席中国发展高层论坛2024年年会并演讲,,ndrc_xwfb,2024-03-26,https://www.ndrc.gov.cn/xwdt/xwfb/202403/t20240326_1365262.html,2026-04-12T17:25:26+08:00,v1
32fb27f0c07218b87e82300e66e02735,促进民营经济续写创新史、建功新时代现场会在浙江省温州市召开,,ndrc_xwfb,2024-03-22,https://www.ndrc.gov.cn/xwdt/xwfb/202403/t20240322_1365213.html,2026-04-12T17:25:26+08:00,v1
4765daff6514348df4fe76265b023077,2024年3月18日国内成品油价格按机制不作调整,,ndrc_xwfb,2024-03-18,https://www.ndrc.gov.cn/xwdt/xwfb/202403/t20240318_1365046.html,2026-04-12T17:25:26+08:00,v1
a928226ea6c62113816edf3896c2996e,2024年3月4日国内成品油价格按机制调整,,ndrc_xwfb,2024-03-04,https://www.ndrc.gov.cn/xwdt/xwfb/202403/t20240304_1364393.html,2026-04-12T17:25:26+08:00,v1
a55cb3a70418e0887eb2c1105d791c2b,国家发展改革委主任郑栅洁在北京调研人工智能产业发展,,ndrc_xwfb,2024-03-02,https://www.ndrc.gov.cn/xwdt/xwfb/202403/t20240302_1364375.html,2026-04-12T17:25:26+08:00,v1
ef1cb19d391bda2698be9ad863262fc4,2024年2月19日国内成品油价格按机制不作调整,,ndrc_xwfb,2024-02-19,https://www.ndrc.gov.cn/xwdt/xwfb/202402/t20240219_1364095.html,2026-04-12T17:25:26+08:00,v1
515f6064a2c67ac72d2c0cfe744153d1,2024年1月31日24时起国内成品油价格按机制上调,,ndrc_xwfb,2024-01-31,https://www.ndrc.gov.cn/xwdt/xwfb/202401/t20240131_1363834.html,2026-04-12T17:25:26+08:00,v1
d7a64bd2f310a45609003b39fad07889,2024年1月17日24时起国内成品油价格按机制调整,,ndrc_xwfb,2024-01-17,https://www.ndrc.gov.cn/xwdt/xwfb/202401/t20240117_1363439.html,2026-04-12T17:25:26+08:00,v1
ccc963a8302242fa66b7a4ef0f715c12,2024年1月3日24时起国内成品油价格按机制调整,,ndrc_xwfb,2024-01-03,https://www.ndrc.gov.cn/xwdt/xwfb/202401/t20240103_1363079.html,2026-04-12T17:25:26+08:00,v1
7b01d010d2ebf17a901a2f17c7904f3d,国家发展改革委党组书记、主任郑栅洁：深刻领会习近平经济思想 以高质量发展全面推进中国式现代化建设,,ndrc_xwfb,2023-12-22,https://www.ndrc.gov.cn/xwdt/xwfb/202312/t20231222_1362847.html,2026-04-12T17:25:26+08:00,v1
a7c49cc54c88cc2fc97bde57bf0a692c,国家发展改革委紧急向甘肃、青海两省地震灾区下达2.5亿元中央预算内投资,,ndrc_xwfb,2023-12-19,https://www.ndrc.gov.cn/xwdt/xwfb/202312/t20231219_1362792.html,2026-04-12T17:25:26+08:00,v1
bacc2829b10a6682b0ca6a96e6b07ec4,国家发展改革委举行12月新闻发布会,,ndrc_xwfb,2023-12-19,https://www.ndrc.gov.cn/xwdt/xwfb/202312/t20231219_1362770.html,2026-04-12T17:25:26+08:00,v1
ff8d491376d923fd33756359826f1505,2023年12月19日24时起国内成品油价格按机制调整,,ndrc_xwfb,2023-12-19,https://www.ndrc.gov.cn/xwdt/xwfb/202312/t20231219_1362767.html,2026-04-12T17:25:26+08:00,v1
59a0b2f7941f89ca18d7d893fdab4816,全面贯彻落实中央经济工作会议精神 扎实推动发展改革工作再上新台阶——全国发展和改革工作会议在京召开,,ndrc_xwfb,2023-12-18,https://www.ndrc.gov.cn/xwdt/xwfb/202312/t20231218_1362714.html,2026-04-12T17:25:26+08:00,v1
503f6cbbe008fcd88ff8266c8f4c2a68,贯彻落实深入推进长三角一体化发展座谈会精神 高水平建设长三角生态绿色一体化发展示范区工作推进会在上海召开,,ndrc_xwfb,2023-12-11,https://www.ndrc.gov.cn/xwdt/xwfb/202312/t20231211_1362546.html,2026-04-12T17:25:26+08:00,v1
69ff41ba94acb04d687cac1755413a4c,2023年12月5日24时起国内成品油价格按机制调整,,ndrc_xwfb,2023-12-05,https://www.ndrc.gov.cn/xwdt/xwfb/202312/t20231205_1362437.html,2026-04-12T17:25:26+08:00,v1
76c1abeede8f195bb00c7d8be6f42963,国家发展改革委首次分区域核定跨省天然气管道运输价格,,ndrc_xwfb,2023-12-05,https://www.ndrc.gov.cn/xwdt/xwfb/202312/t20231205_1362436.html,2026-04-12T17:25:26+08:00,v1
707a0c743beec2a789d0421927136978,2023年11月21日24时起国内成品油价格按机制调整,,ndrc_xwfb,2023-11-21,https://www.ndrc.gov.cn/xwdt/xwfb/202311/t20231121_1362158.html,2026-04-12T17:25:26+08:00,v1
c71841c4b1002c872dc516acdf926c4e,国家发展改革委举行11月份新闻发布会,,ndrc_xwfb,2023-11-16,https://www.ndrc.gov.cn/xwdt/xwfb/202311/t20231116_1362026.html,2026-04-12T17:25:26+08:00,v1
04e8254c089d49541a1157fbf9bc780a,国家发展改革委 市场监管总局召开建设全国统一大市场工作推进会议,,ndrc_xwfb,2023-11-07,https://www.ndrc.gov.cn/xwdt/xwfb/202311/t20231107_1361838.html,2026-04-12T17:25:26+08:00,v1
a11b09092775c42f5d2d0c0ce01833fd,2023年11月7日24时起国内成品油价格按机制调整,,ndrc_xwfb,2023-11-07,https://www.ndrc.gov.cn/xwdt/xwfb/202311/t20231107_1361829.html,2026-04-12T17:25:26+08:00,v1
e7f26bae90346ace9d8e09edece4c9fe,国家发展改革委促进民营经济发展壮大现场会在江苏无锡召开,,ndrc_xwfb,2023-10-30,https://www.ndrc.gov.cn/xwdt/xwfb/202310/t20231030_1361668.html,2026-04-12T17:25:26+08:00,v1
8e9d7a7565bb290a7ef834468ded219b,国家发展改革委主要负责同志主持召开部分地方经济形势座谈会,,ndrc_xwfb,2023-10-25,https://www.ndrc.gov.cn/xwdt/xwfb/202310/t20231025_1361522.html,2026-04-12T17:25:26+08:00,v1
204beb8122de99b2f465b1177fba0f53,2023年10月24日24时起国内成品油价格按机制调整,,ndrc_xwfb,2023-10-24,https://www.ndrc.gov.cn/xwdt/xwfb/202310/t20231024_1361478.html,2026-04-12T17:25:26+08:00,v1
7c173a6badac5f57f08a471858f7ce26,2023年10月10日24时起国内成品油价格按机制调整,,ndrc_xwfb,2023-10-10,https://www.ndrc.gov.cn/xwdt/xwfb/202310/t20231010_1361121.html,2026-04-12T17:25:26+08:00,v1
f142e629cf26ec2f6690a3e10f33b752,国家发展改革委举行升国旗仪式 庆祝中华人民共和国成立74周年,,ndrc_xwfb,2023-09-28,https://www.ndrc.gov.cn/xwdt/xwfb/202309/t20230928_1360986.html,2026-04-12T17:25:26+08:00,v1
a682c1fbd7b46604a9f5feddba37a17a,2023年9月20日24时起国内成品油价格按机制调整,,ndrc_xwfb,2023-09-20,https://www.ndrc.gov.cn/xwdt/xwfb/202309/t20230920_1360717.html,2026-04-12T17:25:26+08:00,v1
609a67d00b501d26e7c0341b96f51dfe,国家发展改革委有关负责同志就《东莞深化两岸创新发展合作总体方案》答记者问,,ndrc_xwfb,2023-09-07,https://www.ndrc.gov.cn/xwdt/xwfb/202309/t20230907_1360442.html,2026-04-12T17:25:26+08:00,v1
ef1ebfa436c1b63e3ab389fd2b99f9ce,国家发展改革委召开学习贯彻习近平新时代中国特色社会主义思想主题教育总结会议,,ndrc_xwfb,2023-09-06,https://www.ndrc.gov.cn/xwdt/xwfb/202309/t20230906_1360399.html,2026-04-12T17:25:26+08:00,v1
ecfdfbae7b172bbab673f01992df3809,2023年9月6日国内成品油价格不作调整,,ndrc_xwfb,2023-09-06,https://www.ndrc.gov.cn/xwdt/xwfb/202309/t20230906_1360397.html,2026-04-12T17:25:26+08:00,v1
4fdfcf6ef2a864aeed21dc68ad7c16d7,国家发展改革委与贝宁经济财政和合作部签署四份合作文件,,ndrc_xwfb,2023-09-01,https://www.ndrc.gov.cn/xwdt/xwfb/202309/t20230901_1360313.html,2026-04-12T17:25:26+08:00,v1
8aacb1240fe0925658f32b052bdc1e28,国家发展改革委主任郑栅洁主持召开民营企业家座谈会,,ndrc_xwfb,2023-09-01,https://www.ndrc.gov.cn/xwdt/xwfb/202309/t20230901_1360274.html,2026-04-12T17:25:26+08:00,v1
7d2a59ae5f630276ad6c4b8318a66c0b,2023年8月23日24时起国内成品油价格按机制上调,,ndrc_xwfb,2023-08-23,https://www.ndrc.gov.cn/xwdt/xwfb/202308/t20230823_1360025.html,2026-04-12T17:25:26+08:00,v1
2d9bc684076bb4d3c52fcaec2dad2311,郑栅洁主任率工作组赴北京、河北受灾地区调研京津冀特大暴雨洪涝灾害救灾和灾后恢复重建工作情况,,ndrc_xwfb,2023-08-19,https://www.ndrc.gov.cn/xwdt/xwfb/202308/t20230819_1359958.html,2026-04-12T17:25:26+08:00,v1
f4c298375e2c7f1523495cc487c2d2b9,增强生态文明意识 提高环境保护自觉——来自首个全国生态日的观察,,ndrc_xwfb,2023-08-16,https://www.ndrc.gov.cn/xwdt/xwfb/202308/t20230816_1359850.html,2026-04-12T17:25:26+08:00,v1
a4df531f27a0a7d0f720dc81a3c21c6e,国家发展改革委：制定促进经济社会发展全面绿色转型的政策举措,,ndrc_xwfb,2023-08-15,https://www.ndrc.gov.cn/xwdt/xwfb/202308/t20230815_1359837.html,2026-04-12T17:25:26+08:00,v1
f8191e779854029a2a888914a031427e,2023年8月9日24时起国内成品油价格按机制上调,,ndrc_xwfb,2023-08-09,https://www.ndrc.gov.cn/xwdt/xwfb/202308/t20230809_1359258.html,2026-04-12T17:25:26+08:00,v1
b87c117ce9687ae5eb9928e844f27840,四部门联合召开新闻发布会 介绍“打好宏观政策组合拳 推动经济高质量发展”有关情况,,ndrc_xwfb,2023-08-04,https://www.ndrc.gov.cn/xwdt/xwfb/202308/t20230804_1359167.html,2026-04-12T17:25:26+08:00,v1
a8ac3d811fe772ea5869ba3caefa8495,国家发展改革委召开上半年发展改革形势通报会,,ndrc_xwfb,2023-07-30,https://www.ndrc.gov.cn/xwdt/xwfb/202307/t20230730_1358951.html,2026-04-12T17:25:26+08:00,v1
0dd6e73544e1d31f97b173fd4ff8c336,2023年7月26日24时起国内成品油价格按机制上调,,ndrc_xwfb,2023-07-26,https://www.ndrc.gov.cn/xwdt/xwfb/202307/t20230726_1358699.html,2026-04-12T17:25:26+08:00,v1
82ade826ab5699b3a2327d880968e88c,国家发展改革委举行7月份新闻发布会,,ndrc_xwfb,2023-07-18,https://www.ndrc.gov.cn/xwdt/xwfb/202307/t20230718_1358471.html,2026-04-12T17:25:26+08:00,v1
cee175aae927c18824b7cb564938217d,2023年7月12日24时起国内成品油价格按机制上调,,ndrc_xwfb,2023-07-12,https://www.ndrc.gov.cn/xwdt/xwfb/202307/t20230712_1358334.html,2026-04-12T17:25:26+08:00,v1
4b4cc45d216fb2903ecde36394022a31,国家发展改革委主任郑栅洁再次召开与民营企业沟通交流机制座谈会,,ndrc_xwfb,2023-07-10,https://www.ndrc.gov.cn/xwdt/xwfb/202307/t20230710_1358283.html,2026-04-12T17:25:26+08:00,v1
12c160b9d614eebcd35de53c12613a7f,国家发展改革委与7家银行建立投贷联动试点合作机制 助力促进民间投资和扩大有效投资,,ndrc_xwfb,2023-07-07,https://www.ndrc.gov.cn/xwdt/xwfb/202307/t20230707_1358255.html,2026-04-12T17:25:26+08:00,v1
f662b84f2b7dcccc548614ac528ed633,国家发展改革委主任郑栅洁主持召开民营企业家座谈会 认真听取民营企业意见建议,,ndrc_xwfb,2023-07-04,https://www.ndrc.gov.cn/xwdt/xwfb/202307/t20230704_1358103.html,2026-04-12T17:25:26+08:00,v1
9ebf8d42c78a516cda29068b885bfcb8,2023年6月28日24时起国内成品油价格按机制上调,,ndrc_xwfb,2023-06-28,https://www.ndrc.gov.cn/xwdt/xwfb/202306/t20230628_1357927.html,2026-04-12T17:25:26+08:00,v1
7005ba177283980db6e92bc792c12ac1,国家发展改革委举行6月份新闻发布会,,ndrc_xwfb,2023-06-16,https://www.ndrc.gov.cn/xwdt/xwfb/202306/t20230616_1357639.html,2026-04-12T17:25:26+08:00,v1
bf42e498c2856b5d505df0ff953a3472,2023年6月13日24时起国内成品油价格按机制下调,,ndrc_xwfb,2023-06-13,https://www.ndrc.gov.cn/xwdt/xwfb/202306/t20230613_1357539.html,2026-04-12T17:25:26+08:00,v1
46237753e783bb9d78d3b69c789dfcf4,中国与阿根廷签署共建“一带一路”合作规划,,ndrc_xwfb,2023-06-02,https://www.ndrc.gov.cn/xwdt/xwfb/202306/t20230602_1357217.html,2026-04-12T17:25:26+08:00,v1
926db33dcc07b069d77ec9af1fcedb56,国家发展改革委副主任丛亮会见阿曼能源与矿产部次大臣穆赫辛▪哈德拉米,,ndrc_xwfb,2023-06-02,https://www.ndrc.gov.cn/xwdt/xwfb/202306/t20230602_1357215.html,2026-04-12T17:25:26+08:00,v1
38ee51b0fe32a9197740eee65967390f,2023年5月30日24时起国内成品油价格按机制上调,,ndrc_xwfb,2023-05-30,https://www.ndrc.gov.cn/xwdt/xwfb/202305/t20230530_1356745.html,2026-04-12T17:25:26+08:00,v1
ca0fd2b62be2b50c622bf5346bcfa45b,国家发展改革委举行5月份新闻发布会,,ndrc_xwfb,2023-05-17,https://www.ndrc.gov.cn/xwdt/xwfb/202305/t20230517_1355913.html,2026-04-12T17:25:26+08:00,v1
2585c5bb413c3a735c5bd6882659ccb3,2023年5月16日24时起国内成品油价格按机制下调,,ndrc_xwfb,2023-05-16,https://www.ndrc.gov.cn/xwdt/xwfb/202305/t20230516_1355789.html,2026-04-12T17:25:26+08:00,v1
84a0fb7e7d573155b9d7823963cae3d9,2023年4月28日24时起国内成品油价格按机制下调,,ndrc_xwfb,2023-04-28,https://www.ndrc.gov.cn/xwdt/xwfb/202304/t20230428_1355157.html,2026-04-12T17:25:26+08:00,v1
545630def68bff9c6317275a960d64a2,国家发展改革委党组学习贯彻习近平新时代中国特色社会主义思想主题教育读书班正式开班,,ndrc_xwfb,2023-04-24,https://www.ndrc.gov.cn/xwdt/xwfb/202304/t20230424_1354153.html,2026-04-12T17:25:26+08:00,v1
d720a7278fbd36711bf6d23801c66162,国家发展改革委举行4月份新闻发布会,,ndrc_xwfb,2023-04-19,https://www.ndrc.gov.cn/xwdt/xwfb/202304/t20230419_1353781.html,2026-04-12T17:25:26+08:00,v1
25777ee757773398cfdd62899da1c492,坚定不移推进全面从严治党 以新气象新作为推动高质量发展取得新成效——国家发展改革委召开党风廉政建设工作会暨廉政警示教育动员会,,ndrc_xwfb,2023-04-18,https://www.ndrc.gov.cn/xwdt/xwfb/202304/t20230418_1353730.html,2026-04-12T17:25:26+08:00,v1
a58da5ab200742e4fe6d23be3165ace5,全力推动构建新发展格局取得新突破,,ndrc_xwfb,2023-04-17,https://www.ndrc.gov.cn/xwdt/xwfb/202304/t20230417_1353651.html,2026-04-12T17:25:26+08:00,v1
d6ccffb3def3926be4123cdbd5b56164,2023年4月17日24时起国内成品油价格按机制上调,,ndrc_xwfb,2023-04-17,https://www.ndrc.gov.cn/xwdt/xwfb/202304/t20230417_1353648.html,2026-04-12T17:25:26+08:00,v1
a8cb71a2db70118702775d64c4ebf9b9,国家发展改革委召开学习贯彻习近平新时代中国特色社会主义思想主题教育动员部署会,,ndrc_xwfb,2023-04-07,https://www.ndrc.gov.cn/xwdt/xwfb/202304/t20230407_1353399.html,2026-04-12T17:25:26+08:00,v1
7febfb2d2b567d439122b54d45e1fe2d,政府网站年度报表,,csrc_news,,https://www.csrc.gov.cn/csrc/c105799/common_list.shtml,2026-04-12T17:25:26+08:00,v1
c793eece4d5322757e790be30247f9ee,吴清主席会见澳门金融管理局行政管理委员会主席黄善文,,csrc_news,,https://www.csrc.gov.cn/csrc/c106311/c7623163/content.shtml,2026-04-12T17:25:26+08:00,v1
3275091db289a6c477541413c6bf00c0,中国证监会印发2026年度立法工作计划,,csrc_news,,https://www.csrc.gov.cn/csrc/c100028/c7625742/content.shtml,2026-04-12T17:25:26+08:00,v1
b0824d43cb190f591e07fd327c65b880,中国证监会新闻发言人就《关于深化创业板改革 更好服务新质生产力发展的意见》答记者问,,csrc_news,,https://www.csrc.gov.cn/csrc/c100028/c7625374/content.shtml,2026-04-12T17:25:26+08:00,v1
70550822879a039d03cc4557cf68c6e1,中国证监会关于深化创业板改革 更好服务新质生产力发展的意见,,csrc_news,,https://www.csrc.gov.cn/csrc/c100028/c7625372/content.shtml,2026-04-12T17:25:26+08:00,v1
b8baf992d3437e080ae7646d43b28335,中国证监会发布《关于深化创业板改革 更好服务新质生产力发展的意见》,,csrc_news,,https://www.csrc.gov.cn/csrc/c100028/c7625370/content.shtml,2026-04-12T17:25:26+08:00,v1
4770507be1de631cb282fc6c02670570,证监会启动上市公司治理专项行动,,csrc_news,,https://www.csrc.gov.cn/csrc/c100028/c7625364/content.shtml,2026-04-12T17:25:26+08:00,v1
09966808f3cd7ab650fd84b45a97888a,2024年4月12日新闻发布会,,csrc_news,,https://www.csrc.gov.cn/csrc/c100029/c7473708/content.shtml,2026-04-12T17:25:26+08:00,v1
b3b7b26d92e46c31e40046a26e18b9f7,2024年2月23日新闻发布会,,csrc_news,,https://www.csrc.gov.cn/csrc/c100029/c7464344/content.shtml,2026-04-12T17:25:26+08:00,v1
662742261a76355fe711a5d3caa296bc,2024 年1月19日新闻发布会,,csrc_news,,https://www.csrc.gov.cn/csrc/c100029/c7458464/content.shtml,2026-04-12T17:25:26+08:00,v1
c8f6662dd76a06e7831af9ca206d04f9,2024年1月12日新闻发布会,,csrc_news,,https://www.csrc.gov.cn/csrc/c100029/c7457231/content.shtml,2026-04-12T17:25:26+08:00,v1
09769297cd00e393c3575bff572b41dd,2021年9月24日新闻发布会,,csrc_news,,https://www.csrc.gov.cn/csrc/c100029/c1494133/content.shtml,2026-04-12T17:25:26+08:00,v1
14ad5a8769c29657a9f095bb2113cb51,2021年9月3日新闻发布会,,csrc_news,,https://www.csrc.gov.cn/csrc/c100029/cb7acea9e3b6c4c94bef46eb0ff3e5525/content.shtml,2026-04-12T17:25:26+08:00,v1
c52e8a5c747ef4b1d7b6ebe5d77f7904,2021年7月23日新闻发布会,,csrc_news,,https://www.csrc.gov.cn/csrc/c100029/cf55468cc810d41a5977dff010de7fc65/content.shtml,2026-04-12T17:25:26+08:00,v1
a67d7ed19dffe22c62c38558da28f953,2021年7月16日新闻发布会,,csrc_news,,https://www.csrc.gov.cn/csrc/c100029/c0d1ef2b845b34714af0abb063b656a6c/content.shtml,2026-04-12T17:25:26+08:00,v1
f377343569c6186c6301d4b1e4a66944,中国证监会发布《私募投资基金信息披露监督管理办法》,,csrc_news,,https://www.csrc.gov.cn/csrc/c100028/c7616846/content.shtml,2026-04-12T17:25:26+08:00,v1
088dd9dded302de91a317971935e5ae6,中国证监会发布《公开募集证券投资基金业绩比较基准指引》,,csrc_news,,https://www.csrc.gov.cn/csrc/c100028/c7610827/content.shtml,2026-04-12T17:25:26+08:00,v1
e5cf0ca81737e7dbad926cc911e308ef,中国证监会修订发布《公开募集证券投资基金销售费用管理规定》,,csrc_news,,https://www.csrc.gov.cn/csrc/c100028/c7606047/content.shtml,2026-04-12T17:25:26+08:00,v1
65b391641e65720548936d44b9b1aeee,中国证券监督管理委员会行政复议决定书（马振罡）,,csrc_news,,https://www.csrc.gov.cn/csrc/c105938/cb6d03490934245c0b69ae2eaf6f7b0cd/content.shtml,2026-04-12T17:25:26+08:00,v1
9d6aa0e244e09ce0e722995febe90d7d,中国证券监督管理委员会行政复议决定书（赵传仁）,,csrc_news,,https://www.csrc.gov.cn/csrc/c105938/ca4a8805d5fa0444cbbcdc4774199de07/content.shtml,2026-04-12T17:25:26+08:00,v1
37d3899684de6afdab542c97f03eb7a6,中国证券监督管理委员会行政复议决定书（刘建勋、刘琅问）,,csrc_news,,https://www.csrc.gov.cn/csrc/c105938/c7b33ab0ae8e6472198c9b82e4e8e2680/content.shtml,2026-04-12T17:25:26+08:00,v1
c7e6a861a9aeabf7010cf57e88ac8571,中国证券监督管理委员会行政复议决定书（陕西景唐投资管理有限公司）,,csrc_news,,https://www.csrc.gov.cn/csrc/c105938/c0efe9bbe65f64f3a8c531029227cf37d/content.shtml,2026-04-12T17:25:26+08:00,v1
7b3377ef77513ed753f01794fa0ea5d6,中国证券监督管理委员会行政复议决定书（刘树成）,,csrc_news,,https://www.csrc.gov.cn/csrc/c105938/c163c6771215444689d1e5d73df60b8aa/content.shtml,2026-04-12T17:25:26+08:00,v1
c388a7a998e2c257d2372585c41e6e1d,中国证券监督管理委员会行政复议决定书（唐文峰）,,csrc_news,,https://www.csrc.gov.cn/csrc/c105938/ce704fffbb6a84f21a71141dfaf23a125/content.shtml,2026-04-12T17:25:26+08:00,v1
f152ad772921b27b9482c9d8d4b3150e,中国证券监督管理委员会行政处罚决定书,,csrc_news,,https://www.csrc.gov.cn/csrc/c101928/c7625567/content.shtml,2026-04-12T17:25:26+08:00,v1
a9a3595715679ed8c85c6814e6d14d4c,中国证券监督管理委员会行政处罚决定书,,csrc_news,,https://www.csrc.gov.cn/csrc/c101928/c7625565/content.shtml,2026-04-12T17:25:26+08:00,v1
b7189bb68c196b619e7f5033781d48b4,中国证券监督管理委员会行政处罚决定书,,csrc_news,,https://www.csrc.gov.cn/csrc/c101928/c7621301/content.shtml,2026-04-12T17:25:26+08:00,v1
6aca3d75e58f42bb79564bd62ac6aba0,中国证券监督管理委员会行政处罚决定书,,csrc_news,,https://www.csrc.gov.cn/csrc/c101928/c7619963/content.shtml,2026-04-12T17:25:26+08:00,v1
fea71c6dc60ffe3e5d868e18462b6132,中国证券监督管理委员会行政处罚决定书,,csrc_news,,https://www.csrc.gov.cn/csrc/c101928/c7619943/content.shtml,2026-04-12T17:25:26+08:00,v1
6d2a895b8479373e8ad5e5398255b69a,中国证券监督管理委员会行政处罚决定书,,csrc_news,,https://www.csrc.gov.cn/csrc/c101928/c7610753/content.shtml,2026-04-12T17:25:26+08:00,v1
faa4116f7fe68283c67947f94d6a1d10,中国证监会市场禁入决定书（高松）,,csrc_news,,https://www.csrc.gov.cn/csrc/c101927/c7491800/content.shtml,2026-04-12T17:25:26+08:00,v1
1adc7fba2c24c3e38bd624d1e4c60c44,中国证监会市场禁入决定书（袁亚非、杨怀珍、檀加敏、宋荣荣）,,csrc_news,,https://www.csrc.gov.cn/csrc/c101927/c7500975/content.shtml,2026-04-12T17:25:26+08:00,v1
a7c36d6f950e0912e198317df19c142d,中国证监会市场禁入决定书（张志勇）,,csrc_news,,https://www.csrc.gov.cn/csrc/c101927/c7474964/content.shtml,2026-04-12T17:25:26+08:00,v1
b62701af959a7bb7adea581cf3357677,中国证监会市场禁入决定书（刘斌、任大成、韩臻）,,csrc_news,,https://www.csrc.gov.cn/csrc/c101927/c7474962/content.shtml,2026-04-12T17:25:26+08:00,v1
907c404850bbe5fcbb8b71b5e46e003b,中国证监会市场禁入决定书（钱仁勇、龙俊、石成华）,,csrc_news,,https://www.csrc.gov.cn/csrc/c101927/c7474973/content.shtml,2026-04-12T17:25:26+08:00,v1
06bf10f7a131feee65c7a12a3f0eec8d,中国证监会市场禁入决定书（郭新峰）,,csrc_news,,https://www.csrc.gov.cn/csrc/c101927/c7470684/content.shtml,2026-04-12T17:25:26+08:00,v1
e512fb4dc4fb363b8048d8a4b31397c8,监管规则适用指引,,csrc_news,,https://www.csrc.gov.cn/csrc/c105948/zfxxgk_zdgk.shtml?channelid=a646cc4ea60542d081bd38eab9494c92,2026-04-12T17:25:26+08:00,v1
26f02c0db4aaf8970ffc9049eed956de,中国证监会发布《证券期货市场监督管理措施实施办法》,,csrc_news,,https://www.csrc.gov.cn/csrc/c100028/c7606032/content.shtml,2026-04-12T17:25:26+08:00,v1
d44a9bd0f88a904c701c75a8b6431733,中国证监会发布关于修改《证券期货行政执法当事人承诺制度实施规定》的决定,,csrc_news,,https://www.csrc.gov.cn/csrc/c100028/c7606003/content.shtml,2026-04-12T17:25:26+08:00,v1
5eb9dd0f718eb6173f148cd7baadcc4d,中国证监会印发《中国证监会关于推出商业不动产投资信托基金试点的公告》,,csrc_news,,https://www.csrc.gov.cn/csrc/c100028/c7605669/content.shtml,2026-04-12T17:25:26+08:00,v1
b9a06aa0859c8ed2d69cddb28b398776,监管规则适用指引——评估类第2号,,csrc_news,,https://www.csrc.gov.cn/csrc/c105948/c7599656/content.shtml,2026-04-12T17:25:26+08:00,v1
8e96ea3ff47e48f9bb3fe537b7a9a5d5,监管规则适用指引——会计类第5号,,csrc_news,,https://www.csrc.gov.cn/csrc/c105942/c7572064/content.shtml,2026-04-12T17:25:26+08:00,v1
3d05c3ab13a46cce7c5f6c15bc25b258,监管规则适用指引——机构类第4号,,csrc_news,,https://www.csrc.gov.cn/csrc/c101838/c7526496/content.shtml,2026-04-12T17:25:26+08:00,v1
ca390f1c84af0804dca8c765d3c3bdcc,监管规则适用指引——法律类第4号,,csrc_news,,https://www.csrc.gov.cn/csrc/c105948/c7490150/content.shtml,2026-04-12T17:25:26+08:00,v1
a229529e90c74d38f89dd13b38be1266,监管规则适用指引——发行类第10号,,csrc_news,,https://www.csrc.gov.cn/csrc/c101802/c7480680/content.shtml,2026-04-12T17:25:26+08:00,v1
9ba7daf03d0fbea0d8d3dc2762bd401b,2024年度、2023年度会计师事务所从事证券服务业务有关信息,,csrc_news,,https://www.csrc.gov.cn/csrc/c100040/c7608370/content.shtml,2026-04-12T17:25:26+08:00,v1
683241938a28491fcd6915464b9088c6,关于提供证监会系统离职人员信息查询比对服务的通知,,csrc_news,,https://www.csrc.gov.cn/csrc/c101819/c1499905/content.shtml,2026-04-12T17:25:26+08:00,v1
99488f5bed09c1b9096750fb44256340,2023年度证券资产评估分析报告,,csrc_news,,https://www.csrc.gov.cn/csrc/c100040/c7500705/content.shtml,2026-04-12T17:25:26+08:00,v1
b43d26b01a8d64b0b20648207d11c0e8,2023年度上市公司、挂牌公司审计分析报告,,csrc_news,,https://www.csrc.gov.cn/csrc/c100040/c7500702/content.shtml,2026-04-12T17:25:26+08:00,v1
ea56876d57f596f46a9442312877b770,2022年度会计师事务所从事证券服务业务有关信息,,csrc_news,,https://www.csrc.gov.cn/csrc/c100040/c7449021/content.shtml,2026-04-12T17:25:26+08:00,v1
2e32a464ca48d7d1a9a85e89f4ad60ea,会计师事务所从事证券服务业务合规手册（2023年）,,csrc_news,,https://www.csrc.gov.cn/csrc/c105942/c7432290/content.shtml,2026-04-12T17:25:26+08:00,v1
eec352d58b19095ee3bb922ad8ff02d7,关于发行审核业务问答部分条款调整事项的通知,,csrc_news,,https://www.csrc.gov.cn/csrc/c100107/c1447185/content.shtml,2026-04-12T17:25:26+08:00,v1
cbc8c1496585ebc2f62d62543727cc47,发行监管问答——关于上市公司非公开发行股票引入战略投资者有关事项的监管要求,,csrc_news,,https://www.csrc.gov.cn/csrc/c100107/c1447186/content.shtml,2026-04-12T17:25:26+08:00,v1
e1850e62907ed0b230fba80c1908e54c,发行监管问答——关于引导规范上市公司融资行为的监管要求（修订版）,,csrc_news,,https://www.csrc.gov.cn/csrc/c100107/c1447187/content.shtml,2026-04-12T17:25:26+08:00,v1
a534cc16fe7b88263e6b66499167fb8f,发行监管问答——关于申请首发企业执行新收入准则相关事项的问答,,csrc_news,,https://www.csrc.gov.cn/csrc/c100107/c1447188/content.shtml,2026-04-12T17:25:26+08:00,v1
671968334a66c9f5f79fd92f56b01e2b,关于发布《再融资业务若干问题解答》的通知,,csrc_news,,https://www.csrc.gov.cn/csrc/c100107/c1447189/content.shtml,2026-04-12T17:25:26+08:00,v1
d26a2fcf12fd5926efcd99444e1c1b14,发行监管问答——关于发行规模达到一定数量实行联合保荐的相关标准,,csrc_news,,https://www.csrc.gov.cn/csrc/c100107/c1447190/content.shtml,2026-04-12T17:25:26+08:00,v1
9768e962965d06b94d930a0436650cab,【行政许可事项】证券、基金经营机构行政许可申请受理及审核情况公示,,csrc_news,,https://www.csrc.gov.cn/csrc/c106250/c1029662/content.shtml,2026-04-12T17:25:26+08:00,v1
5365f33416adda3d9f4bf4edcfea803b,【行政许可事项】期货经营机构行政许可申请受理及审核情况公示,,csrc_news,,https://www.csrc.gov.cn/csrc/c101902/c1039204/content.shtml,2026-04-12T17:25:26+08:00,v1
a3a14c84dcfb3a1c7009aea9e8cdf31c,第十八届发审委2023年第12次会议审核结果公告,,csrc_news,,https://www.csrc.gov.cn/csrc/c105899/c7102213/content.shtml,2026-04-12T17:25:26+08:00,v1
6c1b5f44aa0479ddd084f1de39548327,第十八届发审委2023年第12次工作会议公告,,csrc_news,,https://www.csrc.gov.cn/csrc/c105898/c7083757/content.shtml,2026-04-12T17:25:26+08:00,v1
c6725a01560e8c546bb7c8fb82b2036b,第十八届发审委2023年第11次会议审核结果公告,,csrc_news,,https://www.csrc.gov.cn/csrc/c105899/c7052741/content.shtml,2026-04-12T17:25:26+08:00,v1
abffdb1f1f71ce5909cb308668165a29,第十八届发审委2023年第11次工作会议公告,,csrc_news,,https://www.csrc.gov.cn/csrc/c105898/c7036139/content.shtml,2026-04-12T17:25:26+08:00,v1
a9c6db2f3b39ed909f52d2f9f68137cd,第十八届发审委2023年第9次工作会议公告的补充公告,,csrc_news,,https://www.csrc.gov.cn/csrc/c105898/c6999199/content.shtml,2026-04-12T17:25:26+08:00,v1
123c7dee2dabfd2b1beb0392a9c8c894,第十八届发审委2023年第7次会议审核结果公告,,csrc_news,,https://www.csrc.gov.cn/csrc/c105899/c6995612/content.shtml,2026-04-12T17:25:26+08:00,v1
4fd8115038a04cbfe06c60bc907ed427,关于核准中金财富期货有限公司变更控股股东并吸收合并中金期货有限公司的批复,,csrc_news,,https://www.csrc.gov.cn/csrc/c101909/c7625092/content.shtml,2026-04-12T17:25:26+08:00,v1
5d946127f9634f2140a5b992369024c2,司法部、中国人民银行、金融监管总局、中国证监会、国家外汇局关于《中华人民共和国金融法（草案）》公开征求意见的通知,,csrc_news,,https://www.csrc.gov.cn/csrc/c101981/c7621196/content.shtml,2026-04-12T17:25:26+08:00,v1
0b554c274d4d0ae7d08c3f8e6f5c8d20,关于就《公开募集证券投资基金信息披露内容与格式准则第2号—定期报告的内容与格式（征求意见稿）》公开征求意见的通知,,csrc_news,,https://www.csrc.gov.cn/csrc/c101981/c7612441/content.shtml,2026-04-12T17:25:26+08:00,v1
15921e67411708200f657b3fd5186a84,中国证监会关于就《衍生品交易监督管理办法（试行）（征求意见稿）》公开征求意见的通知,,csrc_news,,https://www.csrc.gov.cn/csrc/c101981/c7609504/content.shtml,2026-04-12T17:25:26+08:00,v1
bd5bf5fbcf375985d2db75b8042afa17,关于就《上市公司董事会秘书监管规则（征求意见稿）》公开征求意见的通知,,csrc_news,,https://www.csrc.gov.cn/csrc/c101981/c7605886/content.shtml,2026-04-12T17:25:26+08:00,v1
01c64d7bbd94888cae2bc92dc102d2ea,关于就《上市公司监督管理条例（公开征求意见稿）》公开征求意见的通知,,csrc_news,,https://www.csrc.gov.cn/csrc/c101981/c7599967/content.shtml,2026-04-12T17:25:26+08:00,v1
6a805beb98110ad5a00b72685317650c,中国证监会关于就《关于修改〈证券期货行政执法当事人承诺制度实施规定〉的决定（征求意见稿）》公开征求意见的通知,,csrc_news,,https://www.csrc.gov.cn/csrc/c101981/c7598114/content.shtml,2026-04-12T17:25:26+08:00,v1
2f1c12225e450d7a2f264215eb93ead3,关于《中国证监会关于推出商业不动产投资信托基金试点的公告（征求意见稿）》公开征求意见的通知,,csrc_news,,https://www.csrc.gov.cn/csrc/c101981/c7598021/content.shtml,2026-04-12T17:25:26+08:00,v1
5214b9725ce917f4da24c3adef0790c2,《公开募集证券投资基金业绩比较基准指引》公开征求意见的反馈情况,,csrc_news,,https://www.csrc.gov.cn/csrc/c100114/c7617528/content.shtml,2026-04-12T17:25:26+08:00,v1
9aab0047dba6f7424fa275d5afc8cf61,《公开募集证券投资基金销售费用管理规定》公开征求意见的反馈情况,,csrc_news,,https://www.csrc.gov.cn/csrc/c100114/c7617524/content.shtml,2026-04-12T17:25:26+08:00,v1
d4a41d1a68dc3c30b4e34e0c0272f462,《证券期货市场监督管理措施实施办法》公开征求意见的反馈情况,,csrc_news,,https://www.csrc.gov.cn/csrc/c100114/c7617523/content.shtml,2026-04-12T17:25:26+08:00,v1
6e1e957584591e68960f18b5dbe25879,《中国证监会关于推出商业不动产投资信托基金试点的公告》公开征求意见的反馈情况,,csrc_news,,https://www.csrc.gov.cn/csrc/c100114/c7617522/content.shtml,2026-04-12T17:25:26+08:00,v1
4b325d3042bbaac61019609aeec06c67,《上市公司治理准则》公开征求意见的反馈情况,,csrc_news,,https://www.csrc.gov.cn/csrc/c100114/c7603929/content.shtml,2026-04-12T17:25:26+08:00,v1
f832a252034880388188ae1a52dea0e4,《期货公司分类评价规定》公开征求意见的反馈情况,,csrc_news,,https://www.csrc.gov.cn/csrc/c100114/c7585008/content.shtml,2026-04-12T17:25:26+08:00,v1
8a24a75682987f49bd33b1432334d5ee,《期货公司互联网营销管理暂行规定》公开征求意见的反馈情况,,csrc_news,,https://www.csrc.gov.cn/csrc/c100114/c7585007/content.shtml,2026-04-12T17:25:26+08:00,v1
8b938c5b9ba22526ce9b6c84f1864865,《证券公司分类监管规定》公开征求意见的反馈情况,,csrc_news,,https://www.csrc.gov.cn/csrc/c100114/c7585006/content.shtml,2026-04-12T17:25:26+08:00,v1
282d2e77f06c81c20b1607141e98e136,2026年3月30日-2026年4月3日证券市场快报,,csrc_news,,https://www.csrc.gov.cn/csrc/c100119/c7624992/content.shtml,2026-04-12T17:25:26+08:00,v1
69e01658d77a49343ff095899c98e2d8,2026年3月23日-2026年3月27日证券市场快报,,csrc_news,,https://www.csrc.gov.cn/csrc/c100119/c7623469/content.shtml,2026-04-12T17:25:26+08:00,v1
6f7e7889a614d28305f57e0f00d50c8d,2026年3月16日-2026年3月20日证券市场快报,,csrc_news,,https://www.csrc.gov.cn/csrc/c100119/c7622125/content.shtml,2026-04-12T17:25:26+08:00,v1
058d5c6ab3c1bebc3c99a9f0edb80887,2026年3月9日-2026年3月13日证券市场快报,,csrc_news,,https://www.csrc.gov.cn/csrc/c100119/c7620604/content.shtml,2026-04-12T17:25:26+08:00,v1
c476630de58f6c5b7a13e0b17b19974e,2026年3月2日-2026年3月6日证券市场快报,,csrc_news,,https://www.csrc.gov.cn/csrc/c100119/c7619180/content.shtml,2026-04-12T17:25:26+08:00,v1
1cb718a1469452f54bb2670d4ce36507,2026年2月24日-2026年2月27日证券市场快报,,csrc_news,,https://www.csrc.gov.cn/csrc/c100119/c7617497/content.shtml,2026-04-12T17:25:26+08:00,v1
3ea56aa46004c8f309b41185679ada34,2026年2月9日-2026年2月13日证券市场快报,,csrc_news,,https://www.csrc.gov.cn/csrc/c100119/c7617016/content.shtml,2026-04-12T17:25:26+08:00,v1
96f3387dbed9783558102872e3ac8d7f,2026年2月2日-2026年2月6日证券市场快报,,csrc_news,,https://www.csrc.gov.cn/csrc/c100119/c7615536/content.shtml,2026-04-12T17:25:26+08:00,v1
89c57f4806a7decd14112fc0c4c823c6,2026年3月统计数据,,csrc_news,,https://www.csrc.gov.cn/csrc/c100120/c7624995/content.shtml,2026-04-12T17:25:26+08:00,v1
3a70747283e6fdf1d57114d01804898b,2026年2月统计数据,,csrc_news,,https://www.csrc.gov.cn/csrc/c100120/c7617513/content.shtml,2026-04-12T17:25:26+08:00,v1
6b906d55fa6c58eea656aa5e2e42106e,2026年1月统计数据,,csrc_news,,https://www.csrc.gov.cn/csrc/c100120/c7617014/content.shtml,2026-04-12T17:25:26+08:00,v1
94ea656b5a6a45aee53adc7df5af03b3,2025年12月统计数据,,csrc_news,,https://www.csrc.gov.cn/csrc/c100120/c7607103/content.shtml,2026-04-12T17:25:26+08:00,v1
afc402abc127f2445374bd828257f30d,2025年11月统计数据,,csrc_news,,https://www.csrc.gov.cn/csrc/c100120/c7599047/content.shtml,2026-04-12T17:25:26+08:00,v1
38c3499bcfdb6d73f04d84085bcf9468,2025年10月统计数据,,csrc_news,,https://www.csrc.gov.cn/csrc/c100120/c7593200/content.shtml,2026-04-12T17:25:26+08:00,v1
d09c7ced92f13051edbbae37c08dd197,2025年9月统计数据,,csrc_news,,https://www.csrc.gov.cn/csrc/c100120/c7587889/content.shtml,2026-04-12T17:25:26+08:00,v1
37655d396a10509efd6d8ac19c5cf623,2025年8月统计数据,,csrc_news,,https://www.csrc.gov.cn/csrc/c100120/c7580938/content.shtml,2026-04-12T17:25:26+08:00,v1
7279471af6473320d6917fe456d48933,2026年第12周(2026-03-30至2026-04-03)期货市场主要品种交易统计情况表,,csrc_news,,https://www.csrc.gov.cn/csrc/c100121/c7624487/content.shtml,2026-04-12T17:25:26+08:00,v1
560b949e7528779aa9544dc22d8e69e9,2026年第11周(2026-03-23至2026-03-27)期货市场主要品种交易统计情况表,,csrc_news,,https://www.csrc.gov.cn/csrc/c100121/c7622914/content.shtml,2026-04-12T17:25:26+08:00,v1
c3104be1dd0084c1c8f61b7513d1fe80,2026年第10周(2026-03-16至2026-03-20)期货市场主要品种交易统计情况表,,csrc_news,,https://www.csrc.gov.cn/csrc/c100121/c7621474/content.shtml,2026-04-12T17:25:26+08:00,v1
6103b4d17de7887583270be109d5cb92,2026年第9周(2026-03-09至2026-03-13)期货市场主要品种交易统计情况表,,csrc_news,,https://www.csrc.gov.cn/csrc/c100121/c7620231/content.shtml,2026-04-12T17:25:26+08:00,v1
322b48956c21efb64b4678a78d320d13,2026年第8周(2026-03-02至2026-03-06)期货市场主要品种交易统计情况表,,csrc_news,,https://www.csrc.gov.cn/csrc/c100121/c7618745/content.shtml,2026-04-12T17:25:26+08:00,v1
cfa6332a7c34ad75cf70e87603eb1d18,2026年第7周(2026-02-24至2026-02-27)期货市场主要品种交易统计情况表,,csrc_news,,https://www.csrc.gov.cn/csrc/c100121/c7617281/content.shtml,2026-04-12T17:25:26+08:00,v1
432ea78818526d57b795e84759b42abd,2026年第6周(2026-02-09至2026-02-13)期货市场主要品种交易统计情况表,,csrc_news,,https://www.csrc.gov.cn/csrc/c100121/c7616188/content.shtml,2026-04-12T17:25:26+08:00,v1
23295c5636dcfa113015c78e1c7ff641,2026年第5周(2026-02-02至2026-02-06)期货市场主要品种交易统计情况表,,csrc_news,,https://www.csrc.gov.cn/csrc/c100121/c7614465/content.shtml,2026-04-12T17:25:26+08:00,v1
eba8fb97aabe38cad5f65e6230e381ac,2026年3月份全国期货市场交易情况统计,,csrc_news,,https://www.csrc.gov.cn/csrc/c100122/c7623481/content.shtml,2026-04-12T17:25:26+08:00,v1
e70863a275dc0102feea577ed0c452b9,2026年2月份全国期货市场交易情况统计,,csrc_news,,https://www.csrc.gov.cn/csrc/c100122/c7617283/content.shtml,2026-04-12T17:25:26+08:00,v1
e6f395799d8cca07f295eb9ddd8d1044,2026年1月份全国期货市场交易情况统计,,csrc_news,,https://www.csrc.gov.cn/csrc/c100122/c7612888/content.shtml,2026-04-12T17:25:26+08:00,v1
b1c4880ff4e02d3a959eae1525e2c6b7,2025年12月份全国期货市场交易情况统计,,csrc_news,,https://www.csrc.gov.cn/csrc/c100122/c7606580/content.shtml,2026-04-12T17:25:26+08:00,v1
e64fd1c02461895eccf449a3f83cf293,2025年11月份全国期货市场交易情况统计,,csrc_news,,https://www.csrc.gov.cn/csrc/c100122/c7598443/content.shtml,2026-04-12T17:25:26+08:00,v1
96cdefdeb7661f6a920ec33b5dca476f,2025年10月份全国期货市场交易情况统计,,csrc_news,,https://www.csrc.gov.cn/csrc/c100122/c7592531/content.shtml,2026-04-12T17:25:26+08:00,v1
dd5d8546d38ae3c8da9c102643c9a92b,2025年9月份全国期货市场交易情况统计,,csrc_news,,https://www.csrc.gov.cn/csrc/c100122/c7587157/content.shtml,2026-04-12T17:25:26+08:00,v1
04c220f8e3df6729f1ca2f3d26b696bb,2025年8月份全国期货市场交易情况统计,,csrc_news,,https://www.csrc.gov.cn/csrc/c100122/c7580689/content.shtml,2026-04-12T17:25:26+08:00,v1
6c89dfeefe22ddc58f37454e5b609151,非法证券期货风险警示,,csrc_news,,https://www.csrc.gov.cn/csrc/c106299/common_list.shtml,2026-04-12T17:25:26+08:00,v1
9e2547154549b0ae7052e3ded40f1d51,吴清主席会见香港特区政府财政司司长陈茂波一行,,csrc_news,,https://www.csrc.gov.cn/csrc/c106311/c7621120/content.shtml,2026-04-12T17:25:26+08:00,v1
ff669bc121c91da822db476b5cac4ade,吴清主席在十四届全国人大四次会议经济主题记者会上答记者问,,csrc_news,,https://www.csrc.gov.cn/csrc/c106311/c7618555/content.shtml,2026-04-12T17:25:26+08:00,v1
f215b047082460c3bef27a9f7d79f7b5,吴清主席会见英国金融行为监管局主席欧达礼,,csrc_news,,https://www.csrc.gov.cn/csrc/c106311/c7613360/content.shtml,2026-04-12T17:25:26+08:00,v1
c7e73346586f8bdc9b2e2b5f52502674,中国证监会召开2026年系统工作会议,,csrc_news,,https://www.csrc.gov.cn/csrc/c106311/c7609372/content.shtml,2026-04-12T17:25:26+08:00,v1
7e8cee420b025589c08d1ba9e823a103,中国证监会依法处罚东旭系审计机构中兴财光华,,csrc_news,,https://www.csrc.gov.cn/csrc/c100028/c7625362/content.shtml,2026-04-12T17:25:26+08:00,v1
71eeae24b40baead4036377530691666,【第233号令】《私募投资基金信息披露监督管理办法》,,csrc_news,,https://www.csrc.gov.cn/csrc/c101953/c7616837/content.shtml,2026-04-12T17:25:26+08:00,v1
9572d6a22a5488d9338c4354fcaef273,【第232号令】《关于修改〈证券期货行政执法当事人承诺制度实施规定〉的决定》,,csrc_news,,https://www.csrc.gov.cn/csrc/c101953/c7606204/content.shtml,2026-04-12T17:25:26+08:00,v1
74836d710c8dc65733cc3a307ba0a28a,【第231号令】《证券期货市场监督管理措施实施办法》,,csrc_news,,https://www.csrc.gov.cn/csrc/c101953/c7606054/content.shtml,2026-04-12T17:25:26+08:00,v1
f0f09603cef1c0c679f337034da26c1f,中国人民银行 中国证监会令 〔2025〕第7号 《金融基础设施监督管理办法》,,csrc_news,,https://www.csrc.gov.cn/csrc/c101953/c7574897/content.shtml,2026-04-12T17:25:26+08:00,v1
68c6e105f10c97e724ed450bcd9e9355,【第230号令】《关于修改的决定》,,csrc_news,,https://www.csrc.gov.cn/csrc/c101953/c7558586/content.shtml,2026-04-12T17:25:26+08:00,v1
41d8eb1a33ff627a7a35332814ee736b,【第229号令】《中国证监会派出机构监管职责规定》,,csrc_news,,https://www.csrc.gov.cn/csrc/c101953/c7552436/content.shtml,2026-04-12T17:25:26+08:00,v1
601745edfd41247cbbe576e1360e96c4,【第5号公告】《公开募集证券投资基金信息披露内容与格式准则第2号—定期报告的内容与格式》,,csrc_news,,https://www.csrc.gov.cn/csrc/c101954/c7619929/content.shtml,2026-04-12T17:25:26+08:00,v1
d5519653f0d7bcdd7bfd46677f3a7df8,【第4号公告】《关于短线交易监管的若干规定》,,csrc_news,,https://www.csrc.gov.cn/csrc/c101954/c7618648/content.shtml,2026-04-12T17:25:26+08:00,v1
75e7cd028bb5828c569c62ff05550800,【第1号公告】《关于境内资产境外发行资产支持证券代币的监管指引》,,csrc_news,,https://www.csrc.gov.cn/csrc/c101954/c7614288/content.shtml,2026-04-12T17:25:26+08:00,v1
c0e2154a791ea8ca88b3fe003775da9e,【第3号公告】《公开募集证券投资基金业绩比较基准指引》,,csrc_news,,https://www.csrc.gov.cn/csrc/c101954/c7610812/content.shtml,2026-04-12T17:25:26+08:00,v1
bdb21f38b55c41b9f124865e02ca6e9e,【第2号公告】《证券期货业信息系统密码技术应用指引》《证券期货业信息系统分类与代码》,,csrc_news,,https://www.csrc.gov.cn/csrc/c101954/c7608135/content.shtml,2026-04-12T17:25:26+08:00,v1
ff9f82beeb94cf88da54faf948939d34,【第22号公告】《公开募集证券投资基金销售费用管理规定》,,csrc_news,,https://www.csrc.gov.cn/csrc/c101954/c7606091/content.shtml,2026-04-12T17:25:26+08:00,v1
c92aa11f8c21c72881eb10d3fff5370a,行政执法当事人承诺,,csrc_news,,https://www.csrc.gov.cn/csrc/c106410/tz.shtml,2026-04-12T17:25:26+08:00,v1
ffa06cc33c54f010477b2adc02c2b635,中国证监会关于天健会计师事务所（特殊普通合伙）及有关责任人员履行行政执法当事人承诺认可协议的公告,,csrc_news,,https://www.csrc.gov.cn/csrc/c106418/c7552170/content.shtml,2026-04-12T17:25:26+08:00,v1
41f8b3cfecb2a31adc29110f6b72b7fc,中国证监会关于东兴证券股份有限公司及有关责任人员履行行政执法当事人承诺认可协议的公告,,csrc_news,,https://www.csrc.gov.cn/csrc/c106418/c7552166/content.shtml,2026-04-12T17:25:26+08:00,v1
4336e83898e89d6d60bb60c702ed0883,中国证监会关于与天健会计师事务所及有关责任人员签署当事人承诺认可协议并中止调查的公告,,csrc_news,,https://www.csrc.gov.cn/csrc/c106411/c7514587/content.shtml,2026-04-12T17:25:26+08:00,v1
b8cdf92666e95d55c574168f560ce3a0,中国证监会关于与东兴证券股份有限公司及有关责任人员签署当事人承诺认可协议并中止调查的公告,,csrc_news,,https://www.csrc.gov.cn/csrc/c106411/c7514585/content.shtml,2026-04-12T17:25:26+08:00,v1
6d2b8f5df5b5aba3d7792c2f523870f0,中国证监会关于中信建投证券股份有限公司履行行政执法当事人承诺认可协议的公告,,csrc_news,,https://www.csrc.gov.cn/csrc/c106412/c7503861/content.shtml,2026-04-12T17:25:26+08:00,v1
ce7b49a8e6c6ca37f9621a44feed2f59,防非宣传优秀作品：远离非法集资 拒绝高利诱惑,,csrc_news,,https://www.csrc.gov.cn/csrc/c106299/c7604819/content.shtml,2026-04-12T17:25:26+08:00,v1
a2dd6813722e17850c854c4f5bb09698,防非宣传优秀作品：拉进真相的距离,,csrc_news,,https://www.csrc.gov.cn/csrc/c106299/c7604805/content.shtml,2026-04-12T17:25:26+08:00,v1
031493331cd0048c76bcb3dfadb82d07,防非宣传优秀作品：高收益高危险！几秒识别投资骗局,,csrc_news,,https://www.csrc.gov.cn/csrc/c106299/c7604802/content.shtml,2026-04-12T17:25:26+08:00,v1
c5af606df3a4f95dab2ca6ebd10d0d54,防非宣传优秀作品：“期货无间道”揭秘非法经营期货的三大套路,,csrc_news,,https://www.csrc.gov.cn/csrc/c106299/c7604798/content.shtml,2026-04-12T17:25:26+08:00,v1
e331bf46daf2cbd4ee61fa147171c60e,防非宣传优秀作品：防非我来说之AI金融陷阱,,csrc_news,,https://www.csrc.gov.cn/csrc/c106299/c7604792/content.shtml,2026-04-12T17:25:26+08:00,v1
0a1b27128487969fa16df7d7f7d212db,防非宣传优秀作品：簪守,,csrc_news,,https://www.csrc.gov.cn/csrc/c106299/c7604782/content.shtml,2026-04-12T17:25:26+08:00,v1
0d48020c50b6fa04c122445df64d2249,董事会秘书信息库,,szse_disclosure,,https://www.szse.cn/disclosure/listed/secretary/index.html,2026-04-12T17:25:26+08:00,v1
c47b8999a57445e0069bb4a3776f2cd0,限售股份解限与减持,,szse_disclosure,,https://www.szse.cn/disclosure/listed/reduction/index.html,2026-04-12T17:25:26+08:00,v1
afb04444c2f5497184ff0d5412ba4935,中介机构处罚与处分信息,,szse_disclosure,,https://www.szse.cn/disclosure/listed/credit/message/index.html,2026-04-12T17:25:26+08:00,v1
b1b97fd680bff198e2eee17c12b9ca94,财务顾问持续督导意见,,szse_disclosure,,https://www.szse.cn/disclosure/listed/suggestion/finance/index.html,2026-04-12T17:25:26+08:00,v1
80d69c8ec9321f4e0a016ecf0d88be20,保荐机构持续督导意见,,szse_disclosure,,https://www.szse.cn/disclosure/listed/suggestion/sponsor/index.html,2026-04-12T17:25:26+08:00,v1
c49824121e922a9ce12a21b2cb87f76d,万斯：美伊谈判21小时未达成协议 美方代表团将返回,,eastmoney_industry,2026-04-12,https://finance.eastmoney.com/a/202604123702101568.html,2026-04-12T17:25:26+08:00,v1
2517d41479ba1ecb310a460d6cb2a486,美国副总统万斯：将返回美国 已向伊朗提出一套“最终方案”,,eastmoney_industry,2026-04-12,https://finance.eastmoney.com/a/202604123702103555.html,2026-04-12T17:25:26+08:00,v1
ae3f4ceb98571a2cfc0582d2c62c5c51,订单排满至2028年：光通信如何成为AI时代“卖水人”,,eastmoney_industry,2026-04-11,https://finance.eastmoney.com/a/202604113702031563.html,2026-04-12T17:25:26+08:00,v1
dd18d71199e08983687798b33a9f8ced,中央台办受权发布十项促进两岸交流合作的政策措施,,eastmoney_industry,2026-04-12,https://finance.eastmoney.com/a/202604123702105032.html,2026-04-12T17:25:26+08:00,v1
6e22bf8d47ced6ccfc371c3f068c0052,特朗普转发威胁伊朗的报道链接,,eastmoney_industry,2026-04-12,https://finance.eastmoney.com/a/202604123702122595.html,2026-04-12T17:25:26+08:00,v1
ef7acb5d827b538811b7afe47287dfbc,全球储能“一芯难求” 中国企业订单爆满,,eastmoney_industry,2026-04-11,https://finance.eastmoney.com/a/202604113702024337.html,2026-04-12T17:25:26+08:00,v1
0dc183d9e31eb8f256bb411411ac7122,知情人士称伊朗不急于再与美国进行谈判,,eastmoney_industry,2026-04-12,https://finance.eastmoney.com/a/202604123702111166.html,2026-04-12T17:25:26+08:00,v1
ca1b895dd9655512f37e3596c45f276a,三轮磋商谈至深夜 美伊谈判三大议题仍待解,,eastmoney_industry,2026-04-12,https://finance.eastmoney.com/a/202604123702079940.html,2026-04-12T17:25:26+08:00,v1
40d5487a7a936f836acb98f7258629f3,谈崩了？伊美激烈交锋12小时 分歧严重！谈判细节曝光,,eastmoney_industry,2026-04-12,https://finance.eastmoney.com/a/202604123702092327.html,2026-04-12T17:25:26+08:00,v1
c68dad937974474d41b4979ef0ac9979,伊美第三轮谈判已结束 双方存在严重分歧,,eastmoney_industry,2026-04-12,https://finance.eastmoney.com/a/202604123702074676.html,2026-04-12T17:25:26+08:00,v1
d3da0a146cf491884979c65ea1fc1d58,20年基金实战！从股票亏惨到定投微笑曲线，普通人稳赢配置法｜对话养基司令,,eastmoney_industry,2026-03-13,https://finance.eastmoney.com/a/202603133671905610.html,2026-04-12T17:25:26+08:00,v1
139585a4324997e342329b0bfec6e206,左侧布局 + 周期共振！一位材料工程师的跨界投资实证｜对话iGeek异行妄想,,eastmoney_industry,2026-03-06,https://finance.eastmoney.com/a/202603063664806880.html,2026-04-12T17:25:26+08:00,v1
eae1fc3dfb0a76aea85a30adbebe33f8,广发证券：静待贝叶斯收敛 大类资产配置月度展望,,eastmoney_industry,2026-04-12,https://finance.eastmoney.com/a/202604123702132872.html,2026-04-12T17:25:26+08:00,v1
19cfec4c313a71cd24366be05f8a1784,华金策略：A股短期可能已见底 延续偏强的底部震荡趋势,,eastmoney_industry,2026-04-12,https://finance.eastmoney.com/a/202604123702131510.html,2026-04-12T17:25:26+08:00,v1
705efbbe732b40444e24ad1b2489a337,浙商策略：红利风格宏观择时与内部轮动策略,,eastmoney_industry,2026-04-12,https://finance.eastmoney.com/a/202604123702131235.html,2026-04-12T17:25:26+08:00,v1
d3527074c97f0799f766a4aae26e579f,中泰策略：美伊局势缓和之后 是否持续？未来或如何演绎？,,eastmoney_industry,2026-04-12,https://finance.eastmoney.com/a/202604123702131165.html,2026-04-12T17:25:26+08:00,v1
1bcb98a96c4d4aecce9d742526191db3,银河策略：中东冲突预期缓和 港股“进”还是“守”？,,eastmoney_industry,2026-04-12,https://finance.eastmoney.com/a/202604123702130561.html,2026-04-12T17:25:26+08:00,v1
b403efdabda767697430dc7a98fcbd12,周末要闻汇总：证监会发布创业板改革新规 增设第四套上市标准,,eastmoney_industry,2026-04-12,https://finance.eastmoney.com/a/202604123702133557.html,2026-04-12T17:25:26+08:00,v1
bd4d12608d65a90a4fdfc6a48e3b88a3,以媒：以色列评估美伊停火可能延长,,eastmoney_industry,2026-04-12,https://finance.eastmoney.com/a/202604123702127052.html,2026-04-12T17:25:26+08:00,v1
3aee55c14849b46ed99b5fe7c3a53c4e,一季度地方举债3.1万亿元花哪儿了？一半多用于偿还旧债，剩余用于重大项目建设。 1分钟前,,yicai_news,,https://www.yicai.com/news/103128734.html,2026-04-12T17:25:26+08:00,v1
715425a9c259ecefb0d53b7d374909bc,中国护眼市场扩容：外资押注，国产设备“抢食”近视红利外资巨头继续押注中国，而本土企业也不再满足于国内替代，还在同步布局全球化。 25分钟前,,yicai_news,,https://www.yicai.com/news/103128841.html,2026-04-12T17:25:26+08:00,v1
bf2cacf065f287967b68a40cd3309aa8,壹快评｜10岁孩子踢假球，男篮疑现年龄造假：该反思的不止体育圈体育圈出现“病症”，“病灶”在社会深处。 35分钟前,,yicai_news,,https://www.yicai.com/news/103128812.html,2026-04-12T17:25:26+08:00,v1
70dd91e42b68f208b4830e5d548272c3,今年我国已批准十余款创新药，跨国药企探索多元化合作模式国家药监局持续加大对创新药的支持力度，通过优先审评审批，附条件批准上市，突破性治疗药物等机制，加速创新药的上市进程。 51分钟前,,yicai_news,,https://www.yicai.com/news/103128803.html,2026-04-12T17:25:26+08:00,v1
14aecf70344830c144eefab15979d447,还不够！日本考虑5月追加释放石油储备，专项补贴或5月底耗尽如果当前状况持续，日本将于6月面临“石脑油危机”。 1小时前,,yicai_news,,https://www.yicai.com/news/103128796.html,2026-04-12T17:25:26+08:00,v1
38f1fc8dc816c34d306fc5154745cbd7,设立2亿传感器基金，光谷锚定千亿智能终端产业集群推动光电子信息产业由“光芯屏端网”向“感存传算”深度转型、迭代升级。 1小时前,,yicai_news,,https://www.yicai.com/news/103128779.html,2026-04-12T17:25:26+08:00,v1
97d74572d4828d47b420d02fcc27cfe9,晓数点｜一周个股动向：最牛股周内股价屡创新高，超十个行业获主力青睐 多图速览&gt;&gt; 1小时前,,yicai_news,,https://www.yicai.com/news/103128794.html,2026-04-12T17:25:26+08:00,v1
e38d80a25c37c830067b1d75a4b804cd,深度｜国内核药赛道大爆发！百万元治疗费用有望大幅下降从上游医用同位素的生产，到核药企业的研发和生产制备，再到下游临床应用，核药的整个产业链已经在逐渐完善：一方面打破了核素长期的供给瓶颈，另一方面也推进了诊疗一体化在临床的落地。 2小时前,,yicai_news,,https://www.yicai.com/news/103128755.html,2026-04-12T17:25:26+08:00,v1
17c6def3c46cb25e4ba07dc55f3c74f3,钢铁行业“反内卷”：建立产能治理新机制，挖潜新“钢需”严禁新增产能，开辟产能退出通道。 3小时前,,yicai_news,,https://www.yicai.com/news/103128743.html,2026-04-12T17:25:26+08:00,v1
cae82c5d8c7736954b755d2724278b6c,生产要本土化、研发更要本土化，外资医械企业中国策略再升级以中国本土研发团队，与中国临床一线紧密结合，开展本土研发。 4小时前,,yicai_news,,https://www.yicai.com/news/103128728.html,2026-04-12T17:25:26+08:00,v1
3f532708e82c7491a5dfd537d7315762,科技周报|易烊千玺遭AI短剧“盗脸”；亚马逊否认5月开启裁员“盗脸”明星或素人、模糊授权边界逐渐演变为AI短剧行业的灰色“潜规则”。 4小时前,,yicai_news,,https://www.yicai.com/news/103128727.html,2026-04-12T17:25:26+08:00,v1
d2caa8416262e98b5066a353f703bec6,19家车企“双积分”全面告负，外资品牌成重灾区共有19家企业双积分均为负数，仅北京汽车股份有限公司和广汽传祺为自主车企，其余均为外资品牌（合资和进口）。 5小时前,,yicai_news,,https://www.yicai.com/news/103128726.html,2026-04-12T17:25:26+08:00,v1
4c5f4daf0df351934b315b3eb6355027,华为、小鹏交锋L3级智驾去留自动驾驶是机遇，也是挑战。 5小时前,,yicai_news,,https://www.yicai.com/news/103128723.html,2026-04-12T17:25:26+08:00,v1
88eaab4b41dc2c76b3ccbd75c9f71358,美股点金丨美伊停火引爆市场，最坏时刻是否过去美伊谈判进展大概率将继续成为决定下周美股走向的核心因素。 6小时前,,yicai_news,,https://www.yicai.com/news/103128713.html,2026-04-12T17:25:26+08:00,v1
f7c0f60e9df3e2f46e771f3bf585b5c6,下周外盘看点丨伊美谈判如何影响中东局势，美股财报季来了美股财报季开启，国际货币基金组织将于下周召开会议，美欧将要公布重要通胀数据。 6小时前,,yicai_news,,https://www.yicai.com/news/103128711.html,2026-04-12T17:25:26+08:00,v1
80f8577a3958749bbff544e152fa564f,十地取消行政分时电价，工商业储能从“靠政策吃饭”到“看市场脸色”此次调整推动储能行业从单一挖掘电量价值，转向容量、安全、调节等多重价值的兑现。 7小时前,,yicai_news,,https://www.yicai.com/news/103128696.html,2026-04-12T17:25:26+08:00,v1
b0783b9d40f6a4215fc1156090725634,中央台办受权发布十项促进两岸交流合作的政策措施中央台办受权发布十项促进两岸交流合作的政策措施 7小时前,,yicai_news,,https://www.yicai.com/news/103128706.html,2026-04-12T17:25:26+08:00,v1
78a98f7b4651320f097d04e0eacd953c,下周关注丨一季度经济数据将公布，这些投资机会最靠谱一季度经济数据公布在即；广交会、消博会等活动下周举办；近700亿元市值限售股将解禁。 8小时前,,yicai_news,,https://www.yicai.com/news/103128683.html,2026-04-12T17:25:26+08:00,v1
b4f691a94fb318d441941c409089dcb2,AI周报 | 微信公众号打击“非真人自动化创作”；DeepSeek界面升级OpenAI CEO奥尔特曼家差点被烧；Anthropic年化收入超300亿美元。 8小时前,,yicai_news,,https://www.yicai.com/news/103128642.html,2026-04-12T17:25:26+08:00,v1
dc4e0618ddb37e9798e2e3020fdf4143,机器人开始进工厂：为什么难成优秀员工 | 海斌访谈它们已经能执行预先规划的特定任务，但智能化水平还不足以使其自主完成一些工作 昨天 21:19,,yicai_news,,https://www.yicai.com/news/103128584.html,2026-04-12T17:25:26+08:00,v1
8988f9a74a435e70ab1058fbb2d1ddc1,AI进化速递丨汽车行业已在阿里云上使用超10万卡“真武”PPU研发智驾AI进化速递丨汽车行业已在阿里云上使用超10万卡“真武”PPU研发智驾 昨天 20:53,,yicai_news,,https://www.yicai.com/news/103128579.html,2026-04-12T17:25:26+08:00,v1
f8b00d876ed09b66c734493a94cd9d28,蔚来李斌曝光乱象：一款车型浪费几个亿很正常“一个车型浪费几个亿的现象很普遍，这造成了非常大的浪费问题。” 昨天 20:38,,yicai_news,,https://www.yicai.com/news/103128571.html,2026-04-12T17:25:26+08:00,v1
6cec1833f0a76df11b4f278d632ff9aa,时尚女王来到上海！《穿普拉达的女王2》4月底上映4月30日，《穿普拉达的女王2》于中国上映，原班核心阵容悉数回归。 昨天 20:22,,yicai_news,,https://www.yicai.com/news/103128570.html,2026-04-12T17:25:26+08:00,v1
7a6b84d353bd828be279712f7017619e,荣耀机器人“闪电”“元气仔”出征北京亦庄马拉松,,kr_newsflashes,,https://36kr.com/newsflashes/3763625016476420,2026-04-12T17:25:26+08:00,v1
4fd7a665534d8a0bd79495e93058603a,启明星辰：第一季度净利润同比预增2279.31%—3281.13%,,kr_newsflashes,,https://36kr.com/newsflashes/3763568458678790,2026-04-12T17:25:26+08:00,v1
b5a20fc16587be760b84b80a52453a16,长药退：公司股票将在4月13日被摘牌,,kr_newsflashes,,https://36kr.com/newsflashes/3763565289014017,2026-04-12T17:25:26+08:00,v1
29813bd005be56fd0d2ea7621c09b8cb,元戎启行CEO周光：解决小模型的“跷跷板效应”，必须转向大模型范式,,kr_newsflashes,,https://36kr.com/newsflashes/3763547677590018,2026-04-12T17:25:26+08:00,v1
80145aa9e5374dfb8d9ffebfc30042d4,特朗普政府将打击赴美生子,,kr_newsflashes,,https://36kr.com/newsflashes/3763463510901250,2026-04-12T17:25:26+08:00,v1
d4527458fba4409c0c742a61b4086fb6,特斯拉受监督版全自动驾驶系统获准在荷兰使用,,kr_newsflashes,,https://36kr.com/newsflashes/3763462028067590,2026-04-12T17:25:26+08:00,v1
c3bf7aeaaed4894a9fe02676948bfeb2,上海二手房单日成交1632套：连续打破5年峰值纪录 高端房源成交占比提升,,kr_newsflashes,,https://36kr.com/newsflashes/3763453660561920,2026-04-12T17:25:26+08:00,v1
b9552aa681f727dde90cc55a1a9b80fd,自然资源部：一季度我国办理不动产“带押过户”9万笔,,kr_newsflashes,,https://36kr.com/newsflashes/3763453110502153,2026-04-12T17:25:26+08:00,v1
1204d123a803cae67c228166ea12e630,日本3月机床订单额增长28% 海外订单增40%,,kr_newsflashes,,https://36kr.com/newsflashes/3763344613638662,2026-04-12T17:25:26+08:00,v1
1fe49fd2a7303315a37fe56cd458331b,联合国环境署呼吁推动航天活动可持续发展,,kr_newsflashes,,https://36kr.com/newsflashes/3763344231645699,2026-04-12T17:25:26+08:00,v1
6f1b6bc8ba824e2b02da71cd7ab40e82,乘联分会崔东树：预计2026年汽车总批发量3480万辆 同比增长1%,,kr_newsflashes,,https://36kr.com/newsflashes/3763301928927746,2026-04-12T17:25:26+08:00,v1
37b625608330b8823be364ba081ef802,俄罗斯黑海沿岸区域超130只海豚死亡,,kr_newsflashes,,https://36kr.com/newsflashes/3763301469635332,2026-04-12T17:25:26+08:00,v1
6b5866375c2055a4aa1d780023b781f7,海南自贸港全球产业招商大会低空经济专场将于14日举办,,kr_newsflashes,,https://36kr.com/newsflashes/3763300885119745,2026-04-12T17:25:26+08:00,v1
2fc7462c1323a7c212d5b93e2d8333fc,长城汽车佘士东：当前智能座舱界面高度同质化，200多款车型相似度达95%以上,,kr_newsflashes,,https://36kr.com/newsflashes/3763278385349122,2026-04-12T17:25:26+08:00,v1
be4b44d04f0c086e4fe5dd6f96f6af91,我国超87%留学人员选择回国发展,,kr_newsflashes,,https://36kr.com/newsflashes/3763277652968197,2026-04-12T17:25:26+08:00,v1
5526d17d1ca0a80ef554367d37dbd3b0,新版“海南省智能网联汽车管理办法”拟4、5月发布,,kr_newsflashes,,https://36kr.com/newsflashes/3763276186272518,2026-04-12T17:25:26+08:00,v1
ed3c2958923528b4795ed410845f35c2,我国复用航天器关键部件研制成功,,kr_newsflashes,,https://36kr.com/newsflashes/3763275590648322,2026-04-12T17:25:26+08:00,v1
5bac698e30261369f4fecb1b85e9e8b1,超七成日本人担心汽油短缺,,kr_newsflashes,,https://36kr.com/newsflashes/3763275088003849,2026-04-12T17:25:26+08:00,v1
3c9e9f62bc0ed57b72f31d75f72f336c,新西兰联储主席：将宣布提高货币政策决策透明度,,kr_newsflashes,,https://36kr.com/newsflashes/3763249129226754,2026-04-12T17:25:26+08:00,v1
f35cf5d4805fe56dccc7a1f382d79df8,柬埔寨扶南德佐综合水利项目举行第二阶段开工仪式,,kr_newsflashes,,https://36kr.com/newsflashes/3763248498475780,2026-04-12T17:25:26+08:00,v1
d45897d8311595091b67b78941785c9c,ST新动力：股东因涉嫌公司持股变动信息披露违法违规被证监会立案,,kr_newsflashes,,https://36kr.com/newsflashes/3760978996167168,2026-04-12T17:25:26+08:00,v1
4ac8b72e0313e4777d9324bb3e09fbd1,中央网信办、国家铁路局联合约谈7家涉火车票销售第三方平台：不得用自动化程序高频抢票,,kr_newsflashes,,https://36kr.com/newsflashes/3760974842626568,2026-04-12T17:25:26+08:00,v1
3af4b8306403aeb7051ee17d384fcdc7,广安爱众：董事李常兵被立案调查并实施留置,,kr_newsflashes,,https://36kr.com/newsflashes/3760947022070277,2026-04-12T17:25:26+08:00,v1
b7085f03d7e8376f38b25c576a456168,李强主持召开经济形势专家和企业家座谈会,,kr_newsflashes,,https://36kr.com/newsflashes/3760908942459656,2026-04-12T17:25:26+08:00,v1
39a379d637d30a5e539b1478b80d81b1,2连板沃格光电澄清：未参与苹果半导体玻璃基板样品开发,,kr_newsflashes,,https://36kr.com/newsflashes/3760889942000134,2026-04-12T17:25:26+08:00,v1
7dc0b27883914a46684017ffbe786fa5,光大同创：拟出资1.5亿元设立合资公司，设立资金主要用于高速硅光模块智能制造项目,,kr_newsflashes,,https://36kr.com/newsflashes/3760870345687558,2026-04-12T17:25:26+08:00,v1
603a609888e5ce818d52f2f3dd9f3b01,国家网信办等五部门联合公布《人工智能拟人化互动服务管理暂行办法》,,kr_newsflashes,,https://36kr.com/newsflashes/3760858871005952,2026-04-12T17:25:26+08:00,v1
84741f4eda671be33f61a5ddb8b676de,工信部：加快构建高效统一的人工智能芯片计算互联生态,,kr_newsflashes,,https://36kr.com/newsflashes/3760823607034631,2026-04-12T17:25:26+08:00,v1
c80fc300f160685b2ac1523f995165de,汇丰银行、渣打银行在香港获得稳定币牌照,,kr_newsflashes,,https://36kr.com/newsflashes/3760792962286083,2026-04-12T17:25:26+08:00,v1
2e22c8fd076f180284ac4145b7cb02b5,北交所：设置风险警示股票单日买入数量上限,,kr_newsflashes,,https://36kr.com/newsflashes/3760777401385731,2026-04-12T17:25:26+08:00,v1
7f58045d2d5e64a81859e6a3a2322f03,上交所：将主板风险警示股票价格的涨跌幅限制比例由5%调整为10%,,kr_newsflashes,,https://36kr.com/newsflashes/3760770266448642,2026-04-12T17:25:26+08:00,v1
a67ce96e57818afbae2f72fdbfeab9ad,证监会：对财务造假且薪酬与业绩挂钩的上市公司 督促追回虚假业绩对应超发的高管薪酬,,kr_newsflashes,,https://36kr.com/newsflashes/3760752087089672,2026-04-12T17:25:26+08:00,v1
bc721550fbe4d0b4a2c34d62f9faabbe,证监会启动上市公司治理专项行动,,kr_newsflashes,,https://36kr.com/newsflashes/3760745272853256,2026-04-12T17:25:26+08:00,v1
3b8397156bc4b2256d3d0aea2f26acbf,财政部对中兴财光华作出行政处罚决定,,kr_newsflashes,,https://36kr.com/newsflashes/3760743769080576,2026-04-12T17:25:26+08:00,v1
903c14ffe5f75239f9590cdfa2a99cf4,证监会：进一步深化投资端改革，促进投融资协调发展,,kr_newsflashes,,https://36kr.com/newsflashes/3760733544891141,2026-04-12T17:25:26+08:00,v1
cb1e26c6c35d86b6bd94aed91c5cde1d,证监会：进一步压实深交所审核主体责任 严把质量关,,kr_newsflashes,,https://36kr.com/newsflashes/3760731103625728,2026-04-12T17:25:26+08:00,v1
f838df72534efd7a1b87bedcc8e8a002,证监会：增设创业板第四套上市标准,,kr_newsflashes,,https://36kr.com/newsflashes/3760730865074953,2026-04-12T17:25:26+08:00,v1
f049182b6d461cb39de13324d0b75f68,证监会发布《关于深化创业板改革 更好服务新质生产力发展的意见》,,kr_newsflashes,,https://36kr.com/newsflashes/3760730425197064,2026-04-12T17:25:26+08:00,v1
acb2cb83a89c36a4ce8abab8ef430608,恒指收涨0.45%，恒生科技指数涨0.73%,,kr_newsflashes,,https://36kr.com/newsflashes/3760728300880388,2026-04-12T17:25:26+08:00,v1
